system,case_family,case_id,dr_mode,dr_energy_hours,dr_avail_hours_et,dr_fraction,borrow_mw,neue_ppm,eue_mean_mwh,eue_stderr_mwh,is_anchor,ref_base_neue_ppm,reduction,frac_of_achievable,frac_of_dc_penalty_recovered,marginal_return_per_fraction,marginal_return_per_mw,cumulative_return_per_mw
pjm,shed_16h_all,baseline_with_load_added,shed,16.0,"[6,7,8,9,10,11,12,13,14,15,16,17,18,19,20,21]",0.0,0.0,59.83446814944777,1003699.7319999998,3093.621392387507,True,1.0517002801340658,0.0,0.0,0.0,,,
pjm,shed_16h_all,shed_16h_all_0.05,shed,16.0,"[6,7,8,9,10,11,12,13,14,15,16,17,18,19,20,21]",0.05,507.0,52.44957295627624,879821.012,3035.985011620222,False,1.0517002801340658,7.3848951931715305,0.18840624503742195,0.12563027330713117,147.6979038634306,0.014565868231107556,0.014565868231107556
pjm,shed_16h_all,shed_16h_all_0.10,shed,16.0,"[6,7,8,9,10,11,12,13,14,15,16,17,18,19,20,21]",0.1,1017.0,46.23276093465866,775536.429,2873.766036438796,False,1.0517002801340658,13.601707214789116,0.3470119094995943,0.23138936303626487,124.3362404323517,0.012189827493367814,0.013374343377373761
pjm,shed_16h_all,shed_16h_all_0.20,shed,16.0,"[6,7,8,9,10,11,12,13,14,15,16,17,18,19,20,21]",0.2,2035.0,37.16348370089943,623402.861,2585.238649753995,False,1.0517002801340658,22.670984448548346,0.5783907475359036,0.3856739869573792,90.6927723375923,0.008908916732572918,0.011140532898549556
pjm,shed_16h_all,shed_16h_all_0.30,shed,16.0,"[6,7,8,9,10,11,12,13,14,15,16,17,18,19,20,21]",0.3,3051.0,31.23692424900377,523987.15100000007,2330.502779144835,False,1.0517002801340658,28.597543900444002,0.7295913784338438,0.4864953614301095,59.265594518956576,0.005833227806983914,0.009373170731053426
pjm,shed_16h_all,shed_16h_all_0.40,shed,16.0,"[6,7,8,9,10,11,12,13,14,15,16,17,18,19,20,21]",0.4,4067.0,27.36533612954028,459042.779,2108.272257415428,False,1.0517002801340658,32.46913201990749,0.8283648018663228,0.5523579987266525,38.715881194634875,0.0038106182278183948,0.0079835584017476
pjm,shed_16h_all,shed_16h_all_0.50,shed,16.0,"[6,7,8,9,10,11,12,13,14,15,16,17,18,19,20,21]",0.5,5081.0,24.833804860315876,416577.335,1921.3651201012049,False,1.0517002801340658,35.00066328913189,0.8929501870550534,0.5954238726380771,25.315312692244063,0.0024965791609708144,0.006888538336770693
pjm,shed_16h_all,shed_16h_all_0.60,shed,16.0,"[6,7,8,9,10,11,12,13,14,15,16,17,18,19,20,21]",0.6,6100.0,23.17189136301956,388699.388,1767.2850397735117,False,1.0517002801340658,36.66257678642821,0.9353495540619314,0.6236959931512025,16.61913497296315,0.0016309259050994254,0.006010258489578395
pjm,shed_16h_all,shed_16h_all_0.70,shed,16.0,"[6,7,8,9,10,11,12,13,14,15,16,17,18,19,20,21]",0.7,7116.0,22.08846620688826,370525.356,1636.808194432881,False,1.0517002801340658,37.746001942559516,0.9629903072624001,0.6421269924967928,10.83425156131302,0.001066363342648919,0.00530438475865086
pjm,shed_16h_all,shed_16h_all_0.80,shed,16.0,"[6,7,8,9,10,11,12,13,14,15,16,17,18,19,20,21]",0.8,8132.0,21.3724999564343,358515.303,1530.9108949757808,False,1.0517002801340658,38.461968193013476,0.9812563095946041,0.6543068587468085,7.1596625045395905,0.0007046911913916926,0.004729705877153649
pjm,shed_16h_all,shed_16h_all_0.90,shed,16.0,"[6,7,8,9,10,11,12,13,14,15,16,17,18,19,20,21]",0.9,9150.0,20.915303274223557,350846.00800000003,1449.9241587662823,False,1.0517002801340658,38.91916487522421,0.9929204846283324,0.6620845918951893,4.571966822107428,0.000449112654430985,0.004253460642101007
pjm,shed_16h_all,shed_16h_all_1.00,shed,16.0,"[6,7,8,9,10,11,12,13,14,15,16,17,18,19,20,21]",1.0,10167.0,20.637809929839843,346191.166,1390.9046281715769,False,1.0517002801340658,39.196658219607926,1.0,0.6668052499118489,2.7749334438371425,0.0002728548125700238,0.0038552826024990583
pjm,shed_4h_all,baseline_with_load_added,shed,4.0,"[16,17,18,19]",0.0,0.0,59.83446814944777,1003699.7319999998,3093.621392387507,True,1.0517002801340658,0.0,0.0,0.0,,,
pjm,shed_4h_all,shed_4h_all_0.05,shed,4.0,"[16,17,18,19]",0.05,507.0,59.28246120249022,994440.032,3170.6511109313537,False,1.0517002801340658,0.5520069469575546,0.08863536863165158,0.009390625296596795,11.040138939151092,0.0010887710985356105,0.0010887710985356105
pjm,shed_4h_all,shed_4h_all_0.10,shed,4.0,"[16,17,18,19]",0.1,1017.0,58.55487339860705,982235.032,3128.791497785942,False,1.0517002801340658,1.2795947508407224,0.205463632414421,0.02176819495273729,14.551756077663356,0.0014266427527120937,0.0012582052613969738
pjm,shed_4h_all,shed_4h_all_0.20,shed,4.0,"[16,17,18,19]",0.2,2035.0,57.2991577754588,961170.895,3042.7627461416187,False,1.0517002801340658,2.5353103739889704,0.4070930100295315,0.04313016324147055,12.55715623148248,0.0012335123999491632,0.0012458527636309436
pjm,shed_4h_all,shed_4h_all_0.30,shed,4.0,"[16,17,18,19]",0.3,3051.0,56.28667770603738,944186.939,2956.524692971705,False,1.0517002801340658,3.547790443410392,0.5696662252399343,0.0603542597942626,10.124800694214217,0.0009965355013990369,0.0011628287261259888
pjm,shed_4h_all,shed_4h_all_0.40,shed,4.0,"[16,17,18,19]",0.4,4067.0,55.48351955080362,930714.276,2874.649494923946,False,1.0517002801340658,4.350948598644152,0.6986287673800704,0.07401741626588958,8.031581552337595,0.0007905099953088188,0.001069817703133551
pjm,shed_4h_all,shed_4h_all_0.50,shed,4.0,"[16,17,18,19]",0.5,5081.0,54.85655240089142,920197.1479999998,2801.5218194929685,False,1.0517002801340658,4.977915748556356,0.7993004432687386,0.08468324866265732,6.269671499122042,0.0006183107987299842,0.0009797118182555316
pjm,shed_4h_all,shed_4h_all_0.60,shed,4.0,"[16,17,18,19]",0.6,6100.0,54.37966184533964,912197.496,2738.251685270708,False,1.0517002801340658,5.454806304108132,0.8758744255732313,0.09279600981422478,4.768905555517763,0.0004679985824845694,0.0008942305416570708
pjm,shed_4h_all,shed_4h_all_0.70,shed,4.0,"[16,17,18,19]",0.7,7116.0,54.04047322816052,906507.74,2683.6512987673664,False,1.0517002801340658,5.793994921287251,0.9303377041334611,0.09856621474797689,3.391886171791186,0.0003338470641526757,0.0008142207590341836
pjm,shed_4h_all,shed_4h_all_0.80,shed,4.0,"[16,17,18,19]",0.8,8132.0,53.82002610598037,902809.826,2638.8497803302243,False,1.0517002801340658,6.014442043467405,0.9657347440546401,0.10231641451179634,2.2044712218015388,0.00021697551395684453,0.0007396018253157163
pjm,shed_4h_all,shed_4h_all_0.90,shed,4.0,"[16,17,18,19]",0.9,9150.0,53.6851081373284,900546.63,2605.468553996568,False,1.0517002801340658,6.149360012119374,0.987398427731832,0.1046116104262167,1.3491796865196906,0.00013253238570920338,0.000672061203510314
pjm,shed_4h_all,shed_4h_all_1.00,shed,4.0,"[16,17,18,19]",1.0,10167.0,53.60662755399011,899230.1490000001,2582.478752586429,False,1.0517002801340658,6.227840595457664,1.0,0.10594670549204907,0.7848058333829047,7.71687151802266e-05,0.0006125544010482604
pjm,shed_8h_all,baseline_with_load_added,shed,8.0,"[12,13,14,15,16,17,18,19]",0.0,0.0,59.83446814944777,1003699.7319999998,3093.621392387507,True,1.0517002801340658,0.0,0.0,0.0,,,
pjm,shed_8h_all,shed_8h_all_0.05,shed,8.0,"[12,13,14,15,16,17,18,19]",0.05,507.0,52.97723680045916,888672.3659999999,3071.077254942288,False,1.0517002801340658,6.857231348988613,0.1933378490568058,0.11665376772039147,137.14462697977226,0.013525111141989375,0.013525111141989375
pjm,shed_8h_all,shed_8h_all_0.10,shed,8.0,"[12,13,14,15,16,17,18,19]",0.1,1017.0,47.22237674363653,792136.8459999999,2943.2581713464238,False,1.0517002801340658,12.612091405811242,0.3555946271036947,0.2145542284407318,115.09720113645258,0.011284039327103194,0.01240126981889011
pjm,shed_8h_all,shed_8h_all_0.20,shed,8.0,"[12,13,14,15,16,17,18,19]",0.2,2035.0,38.92616575428401,652971.161,2722.505179637723,False,1.0517002801340658,20.908302395163766,0.5895041317377224,0.3556876131053791,82.96210989352524,0.008149519635906212,0.010274350071333547
pjm,shed_8h_all,shed_8h_all_0.30,shed,8.0,"[12,13,14,15,16,17,18,19]",0.3,3051.0,33.58772068087057,563420.839,2530.485078487824,False,1.0517002801340658,26.246747468577205,0.740020197956472,0.44650411030200504,53.384450734134404,0.005254375072257322,0.008602670425623469
pjm,shed_8h_all,shed_8h_all_0.40,shed,8.0,"[12,13,14,15,16,17,18,19]",0.4,4067.0,30.15639919049503,505861.7670000001,2359.711793398213,False,1.0517002801340658,29.678068958952743,0.8367654122577871,0.5048770249290276,34.313214903755366,0.0033772849314719863,0.007297287671244834
pjm,shed_8h_all,shed_8h_all_0.50,shed,8.0,"[12,13,14,15,16,17,18,19]",0.5,5081.0,27.94801449416975,468816.98,2211.2441321644324,False,1.0517002801340658,31.88645365527802,0.8990302426751641,0.542445597767159,22.083846963252793,0.0021778941778355806,0.006275625596394021
pjm,shed_8h_all,shed_8h_all_0.60,shed,8.0,"[12,13,14,15,16,17,18,19]",0.6,6100.0,26.52263439685677,444906.78800000006,2085.7258217802028,False,1.0517002801340658,33.311833752591,0.939218462683742,0.5666938621646759,14.253800973129817,0.0013988028432904626,0.00546095635288377
pjm,shed_8h_all,shed_8h_all_0.70,shed,8.0,"[12,13,14,15,16,17,18,19]",0.7,7116.0,25.608156142223656,429566.774,1976.182841624341,False,1.0517002801340658,34.22631200722412,0.9650019385155827,0.5822507725957429,9.144782546331138,0.0009000770222766867,0.004809768410233855
pjm,shed_8h_all,shed_8h_all_0.80,shed,8.0,"[12,13,14,15,16,17,18,19]",0.8,8132.0,25.006510120937023,419474.398,1886.293561797547,False,1.0517002801340658,34.82795802851075,0.9819651911359423,0.5924858473139701,6.016460212866329,0.0005921712807939306,0.004282828090077564
pjm,shed_8h_all,shed_8h_all_0.90,shed,8.0,"[12,13,14,15,16,17,18,19]",0.9,9150.0,24.612720823092967,412868.737,1816.6131177158472,False,1.0517002801340658,35.2217473263548,0.9930679776618757,0.5991849074657398,3.9378929784405523,0.0003868264222436691,0.0038493712924977923
pjm,shed_8h_all,shed_8h_all_1.00,shed,8.0,"[12,13,14,15,16,17,18,19]",1.0,10167.0,24.366858561147,408744.494,1763.9845166000662,False,1.0517002801340658,35.467609588300775,1.0,0.6033674642057113,2.458622619459661,0.0002417524699567021,0.0034885029594079646
pjm,shift_16h_all,baseline_with_load_added,shift,16.0,[],0.0,0.0,59.83446814944777,1003699.7319999998,3093.621392387507,True,1.0517002801340658,0.0,0.0,0.0,,,
pjm,shift_16h_all,shift_16h_all_0.05,shift,16.0,[],0.05,507.0,53.13795251096832,891368.309,3138.2625165138866,False,1.0517002801340658,6.696515638479454,0.20136253144712543,0.11391970608405508,133.93031276958908,0.01320811763013699,0.01320811763013699
pjm,shift_16h_all,shift_16h_all_0.10,shift,16.0,[],0.1,1017.0,47.59216548024804,798339.9070000001,3079.327103137708,False,1.0517002801340658,12.24230266919973,0.368122944721698,0.20826346075463664,110.91574061440554,0.010874092217098582,0.012037662408259322
pjm,shift_16h_all,shift_16h_all_0.20,shift,16.0,[],0.2,2035.0,39.72825115715965,666425.829,3007.1393472324226,False,1.0517002801340658,20.106216992288125,0.604588859335756,0.3420427060697179,78.63914323088395,0.007724866722090761,0.009880204910215296
pjm,shift_16h_all,shift_16h_all_0.30,shift,16.0,[],0.3,3051.0,34.765255280591575,583173.52,2968.74355510232,False,1.0517002801340658,25.069212868856198,0.7538248900148858,0.42647214102932784,49.62995876568074,0.004884838461189048,0.008216720048789315
pjm,shift_16h_all,shift_16h_all_0.40,shift,16.0,[],0.4,4067.0,31.650407777872356,530923.175,2939.667999263568,False,1.0517002801340658,28.184060371575416,0.8474875665589695,0.47946126719031723,31.148475027192173,0.003065794786140963,0.006929938620992234
pjm,shift_16h_all,shift_16h_all_0.50,shift,16.0,[],0.5,5081.0,29.730316261188044,498714.393,2918.0463534518167,False,1.0517002801340658,30.10415188825973,0.9052242328019374,0.5121254575012103,19.200915166843128,0.0018935813774007026,0.005924847842601797
pjm,shift_16h_all,shift_16h_all_0.60,shift,16.0,[],0.6,6100.0,28.546980870082795,478864.406,2898.9900634222568,False,1.0517002801340658,31.287487279364978,0.9408068287022185,0.5322561086086242,11.833353911052493,0.0011612712375910197,0.0051290962753057345
pjm,shift_16h_all,shift_16h_all_0.70,shift,16.0,[],0.7,7116.0,27.814047665494112,466569.73900000006,2886.7498655708387,False,1.0517002801340658,32.02042048395366,0.9628459447776857,0.5447246130897017,7.329332045886831,0.00072139094939831,0.0044997780331581866
pjm,shift_16h_all,shift_16h_all_0.80,shift,16.0,[],0.8,8132.0,27.285209844529387,457698.692,2869.830118920736,False,1.0517002801340658,32.54925830491838,0.9787479642910185,0.553721090120869,5.288378209647244,0.000520509666303863,0.004002614154564483
pjm,shift_16h_all,shift_16h_all_0.90,shift,16.0,[],0.9,9150.0,26.879109379514585,450886.516,2846.592277237218,False,1.0517002801340658,32.955358769933184,0.9909593025558543,0.5606295852417121,4.061004650148022,0.0003989199066943046,0.0036016785540910583
pjm,shift_16h_all,shift_16h_all_1.00,shift,16.0,[],1.0,10167.0,26.57845179747888,445843.103,2817.4038837956514,False,1.0517002801340658,33.256016351968896,1.0,0.5657443083643819,3.0065758203570434,0.00029563184074307203,0.0032709763304779086
pjm,shift_4h_all,baseline_with_load_added,shift,4.0,[],0.0,0.0,59.83446814944777,1003699.7319999998,3093.621392387507,True,1.0517002801340658,0.0,0.0,0.0,,,
pjm,shift_4h_all,shift_4h_all_0.05,shift,4.0,[],0.05,507.0,54.86219229432543,920291.755,3178.9705122480664,False,1.0517002801340658,4.972275855122341,0.24597970178527226,0.08458730398978051,99.44551710244681,0.009807250207341895,0.009807250207341895
pjm,shift_4h_all,shift_4h_all_0.10,shift,4.0,[],0.1,1017.0,50.80474552171213,852229.6769999999,3151.0193704462667,False,1.0517002801340658,9.029722627735644,0.44670258527309503,0.15361172933895512,81.14893545226607,0.007955777985516282,0.008878783311441145
pjm,shift_4h_all,shift_4h_all_0.20,shift,4.0,[],0.2,2035.0,45.4683147427932,762713.144,3122.682697069275,False,1.0517002801340658,14.366153406654576,0.7106971201386449,0.24439395978415845,53.36430778918931,0.00524207345669836,0.007059534843564902
pjm,shift_4h_all,shift_4h_all_0.30,shift,4.0,[],0.3,3051.0,42.62040182786317,714940.522,3103.4426514731185,False,1.0517002801340658,17.214066321584603,0.8515840680748185,0.292842051259904,28.479129149300284,0.002803063892647665,0.005642106300093282
pjm,shift_4h_all,shift_4h_all_0.40,shift,4.0,[],0.4,4067.0,41.1259787449512,689872.1610000001,3093.178584110896,False,1.0517002801340658,18.708489404496575,0.9255135432259249,0.3182648603088822,14.944230829119713,0.0014708888611338305,0.00460007115920742
pjm,shift_4h_all,shift_4h_all_0.50,shift,4.0,[],0.5,5081.0,40.38534759582212,677448.3640000001,3093.2862781297786,False,1.0517002801340658,19.449120553625654,0.9621527471848075,0.33086432059247506,7.406311491290795,0.000730405472513885,0.0038278135315145943
pjm,shift_4h_all,shift_4h_all_0.60,shift,4.0,[],0.6,6100.0,40.00215568438797,671020.47,3096.791277294973,False,1.0517002801340658,19.8323124650598,0.981109344696186,0.33738310025058954,3.831919114341461,0.0003760470180904279,0.003251198764763902
pjm,shift_4h_all,shift_4h_all_0.70,shift,4.0,[],0.7,7116.0,39.80559114750723,667723.1769999999,3099.3480352388974,False,1.0517002801340658,20.028877001940543,0.9908334403763714,0.3407270145303279,1.9656453688074298,0.00019346903236293597,0.0028146257731788285
pjm,shift_4h_all,shift_4h_all_0.80,shift,4.0,[],0.8,8132.0,39.7214205354344,666311.248,3105.681259312188,False,1.0517002801340658,20.113047614013375,0.9949973811270499,0.3421589071601537,0.8417061207283175,8.284509062286598e-05,0.0024733211527316005
pjm,shift_4h_all,shift_4h_all_0.90,shift,4.0,[],0.9,9150.0,39.678811908665786,665596.505,3108.065391703832,False,1.0517002801340658,20.155656240781987,0.9971052403069114,0.34288375609655186,0.4260862676861167,4.185523258213326e-05,0.0022028039607412007
pjm,shift_4h_all,shift_4h_all_1.00,shift,4.0,[],1.0,10167.0,39.62029674004065,664614.936,3111.5104001700333,False,1.0517002801340658,20.214171409407122,1.0,0.34387920375487285,0.5851516862513507,5.7537038962768004e-05,0.0019882139676804488
pjm,shift_8h_all,baseline_with_load_added,shift,8.0,[],0.0,0.0,59.83446814944777,1003699.7319999998,3093.621392387507,True,1.0517002801340658,0.0,0.0,0.0,,,
pjm,shift_8h_all,shift_8h_all_0.05,shift,8.0,[],0.05,507.0,53.366275048306825,895198.3300000001,3146.152533476884,False,1.0517002801340658,6.4681931011409475,0.21039319816615631,0.11003553142514627,129.36386202281895,0.01275777731980463,0.01275777731980463
pjm,shift_8h_all,shift_8h_all_0.10,shift,8.0,[],0.1,1017.0,48.01299046245935,805399.0809999999,3092.096028422375,False,1.0517002801340658,11.821477686988423,0.384521373855804,0.20110447526509845,107.06569171694952,0.010496636442838188,0.011623871865278686
pjm,shift_8h_all,shift_8h_all_0.20,shift,8.0,[],0.2,2035.0,40.50185315179935,679402.699,3024.3389307785324,False,1.0517002801340658,19.33261499764842,0.6288387861445845,0.32888235274372984,75.11137310659997,0.007378327417151274,0.009500056509900944
pjm,shift_8h_all,shift_8h_all_0.30,shift,8.0,[],0.3,3051.0,35.88011360097062,601874.831,2989.992017509949,False,1.0517002801340658,23.954354548477156,0.7791717384830592,0.4075064073493895,46.21739550828736,0.004548956250815684,0.007851312536374026
pjm,shift_8h_all,shift_8h_all_0.40,shift,8.0,[],0.4,4067.0,33.074743200980066,554815.843,2971.243402767744,False,1.0517002801340658,26.759724948467706,0.8704230108655377,0.4552307745691752,28.053703999905498,0.002761191338573377,0.0065797209118435476
pjm,shift_8h_all,shift_8h_all_0.50,shift,8.0,[],0.5,5081.0,31.415009903697158,526974.4679999999,2955.9167978813234,False,1.0517002801340658,28.419458245750615,0.9244097411715045,0.4834658059813204,16.59733297282909,0.001636817847419042,0.0055932805049696156
pjm,shift_8h_all,shift_8h_all_0.60,shift,8.0,[],0.6,6100.0,30.44629824971494,510724.71,2951.356567717924,False,1.0517002801340658,29.388169899732834,0.9559193667802692,0.49994532351843035,9.687116539822187,0.0009506493169599789,0.004817732770448006
pjm,shift_8h_all,shift_8h_all_0.70,shift,8.0,[],0.7,7116.0,29.875877697804384,501156.1289999999,2946.729918014897,False,1.0517002801340658,29.95859045164339,0.9744736372449212,0.5096491971634877,5.7042055191055505,0.000561437551093066,0.0042100323849976655
pjm,shift_8h_all,shift_8h_all_0.80,shift,8.0,[],0.8,8132.0,29.516414865844585,495126.2809999999,2942.318463876898,False,1.0517002801340658,30.318053283603188,0.9861660115533731,0.5157643027461128,3.5946283195979913,0.00035380199996043254,0.003728240689080569
pjm,shift_8h_all,shift_8h_all_0.90,shift,8.0,[],0.9,9150.0,29.264798788277552,490905.52,2930.8910856815764,False,1.0517002801340658,30.56966936117022,0.9943504164469149,0.5200447421790845,2.5161607756703224,0.0002471670703016033,0.0033409474711661442
pjm,shift_8h_all,shift_8h_all_1.00,shift,8.0,[],1.0,10167.0,29.091111626901142,487991.9859999999,2924.3429404765984,False,1.0517002801340658,30.74335652254663,1.0,0.5229994713909268,1.736871613764102,0.00017078383616166192,0.0030238375649204907
ercot,shift_4h_all,baseline_with_load_added,shift,4.0,[],0.0,0.0,72.12070103840637,804376.48,2632.7467287248155,True,1.0054261356271128,0.0,0.0,0.0,,,
ercot,shift_4h_all,shift_4h_all_0.05,shift,4.0,[],0.05,449.0,70.97925760119747,791645.735,2596.7129895760536,False,1.0054261356271128,1.141443437208892,0.1064955524103798,0.01605060851932787,22.82886874417784,0.002542190283316018,0.002542190283316018
ercot,shift_4h_all,shift_4h_all_0.10,shift,4.0,[],0.1,897.0,69.89341256576422,779535.09,2589.8365452099106,False,1.0054261356271128,2.227288472642144,0.20780382850270632,0.031319410291066725,21.716900708665037,0.0024237612398063657,0.002483041775520785
ercot,shift_4h_all,shift_4h_all_0.20,shift,4.0,[],0.2,1794.0,68.07105421986563,759209.9659999999,2581.283122113758,False,1.0054261356271128,4.049646818540737,0.377828073603009,0.0569448240772036,18.223583458985928,0.002031614655405343,0.002257328215463064
ercot,shift_4h_all,shift_4h_all_0.30,shift,4.0,[],0.3,2690.0,66.6038661035742,742846.1259999999,2579.6016105024887,False,1.0054261356271128,5.516834934832161,0.5147152848663782,0.07757594894168873,14.67188116291425,0.0016374867369323936,0.0020508680055138146
ercot,shift_4h_all,shift_4h_all_0.40,shift,4.0,[],0.4,3588.0,65.40098468402583,729430.151,2582.7107146038497,False,1.0054261356271128,6.719716354380537,0.6269429407301025,0.09449047850222013,12.028814195483758,0.0013395116030605525,0.0018728306450335945
ercot,shift_4h_all,shift_4h_all_0.50,shift,4.0,[],0.5,4483.0,64.40294253471748,718298.7889999999,2586.2106585637894,False,1.0054261356271128,7.717758503688884,0.7200592937220063,0.10852462448102367,9.98042149308347,0.001115130893081952,0.0017215611206087182
ercot,shift_4h_all,shift_4h_all_0.60,shift,4.0,[],0.6,5380.0,63.56744326788329,708980.3,2591.5913427077185,False,1.0054261356271128,8.553257770523075,0.7980105553084279,0.12027314500599373,8.35499266834191,0.0009314373097371134,0.0015898248644094935
ercot,shift_4h_all,shift_4h_all_0.70,shift,4.0,[],0.7,6277.0,62.87214880673433,701225.543,2594.430050738375,False,1.0054261356271128,9.248552231672036,0.8628808461298425,0.1300501508897436,6.952944611489615,0.0007751331785384184,0.0014734032550059004
ercot,shift_4h_all,shift_4h_all_0.80,shift,4.0,[],0.8,7174.0,62.32221265060504,695091.996,2594.987287459432,False,1.0054261356271128,9.798488387801328,0.9141893497563011,0.13778317529105683,5.49936156129291,0.0006130837860973149,0.0013658333409257495
ercot,shift_4h_all,shift_4h_all_0.90,shift,4.0,[],0.9,8072.0,61.83929054552163,689705.8700000001,2597.155248606919,False,1.0054261356271128,10.281410492884739,0.9592455081917974,0.14457386977608283,4.829221050834108,0.0005377751726986757,0.0012737128955506367
ercot,shift_4h_all,shift_4h_all_1.00,shift,4.0,[],1.0,8968.0,61.40247467708051,684833.976,2600.730163082397,False,1.0054261356271128,10.718226361325854,1.0,0.15071623327025874,4.368158684411157,0.00048751771031374513,0.0011951635104065403
ercot,shift_8h_all,baseline_with_load_added,shift,8.0,[],0.0,0.0,72.12070103840637,804376.48,2632.7467287248155,True,1.0054261356271128,0.0,0.0,0.0,,,
ercot,shift_8h_all,shift_8h_all_0.05,shift,8.0,[],0.05,449.0,70.65856716740845,788069.0109999999,2583.617949011683,False,1.0054261356271128,1.462133870997917,0.0920145956782957,0.020560053701497757,29.24267741995834,0.0032564228752737573,0.0032564228752737573
ercot,shift_8h_all,shift_8h_all_0.10,shift,8.0,[],0.1,897.0,69.27417610855377,772628.6230000001,2569.313034957102,False,1.0054261356271128,2.846524929852592,0.17913670266718582,0.04002691311738636,27.687821177093497,0.003090158613514899,0.003173383422355175
ercot,shift_8h_all,shift_8h_all_0.20,shift,8.0,[],0.2,1794.0,66.85579285365772,745655.915,2540.810305273724,False,1.0054261356271128,5.2649081847486485,0.3313297144073115,0.07403343644450837,24.183832548960567,0.002696079436896384,0.0029347314296257797
ercot,shift_8h_all,shift_8h_all_0.30,shift,8.0,[],0.3,2690.0,64.81823533922595,722930.632,2525.1880540305897,False,1.0054261356271128,7.302465699180416,0.45955670824184486,0.10268491135221681,20.375575144317683,0.0022740597259283124,0.0027146712636358424
ercot,shift_8h_all,shift_8h_all_0.40,shift,8.0,[],0.4,3588.0,63.07859631521442,703528.0929999999,2517.3940753113648,False,1.0054261356271128,9.042104723191947,0.5690351798070754,0.12714715278192046,17.396390240115302,0.0019372372205028183,0.002520096076697867
ercot,shift_8h_all,shift_8h_all_0.50,shift,8.0,[],0.5,4483.0,61.59265806156947,686955.129,2515.605485655853,False,1.0054261356271128,10.528042976836893,0.6625478261687486,0.1480419360148666,14.859382536449463,0.0016602662051898836,0.002348436978995515
ercot,shift_8h_all,shift_8h_all_0.60,shift,8.0,[],0.6,5380.0,60.27493604061759,672258.314,2517.273907323933,False,1.0054261356271128,11.845764997788777,0.7454743361001002,0.16657131697772337,13.17722020951884,0.0014690323533465815,0.0022018150553510737
ercot,shift_8h_all,shift_8h_all_0.70,shift,8.0,[],0.7,6277.0,59.096038055495534,659109.831,2516.4229928542222,False,1.0054261356271128,13.024662982910833,0.8196644110300572,0.1831485992385838,11.788979851220562,0.0013142675419420915,0.002074982154358903
ercot,shift_8h_all,shift_8h_all_0.80,shift,8.0,[],0.8,7174.0,58.03923903819748,647323.142,2513.450529320833,False,1.0054261356271128,14.081462000208887,0.8861705882130897,0.1980089652955637,10.567990172980535,0.0011781482913021787,0.001962846668554347
ercot,shift_8h_all,shift_8h_all_0.90,shift,8.0,[],0.9,8072.0,57.09520955718017,636794.194,2521.952942088428,False,1.0054261356271128,15.025491481226197,0.9455799847992679,0.2112836025982793,9.440294810173102,0.0010512577739613697,0.0018614335333530967
ercot,shift_8h_all,shift_8h_all_1.00,shift,8.0,[],1.0,8968.0,56.23046253635529,627149.4990000001,2525.206010737076,False,1.0054261356271128,15.890238502051076,1.0,0.2234433955823754,8.647470208248793,0.0009651194428849097,0.0017718820809602004
