case_id,region,event_id,start_hour_idx,end_hour_idx,duration_h,n_hours_above_eps,weather_year,calendar_year,month,season,start_hour_local,start_hour_et_fixed,total_eue_mwh,peak_eue_mwh,dr_energy_mwh,dr_shortfall_mwh,max_concurrent_regions,is_multiregion
baseline,p63,baseline|p63|0,402,406,5,5,2007,2007,1,winter,12,13,37.944,12.804,0.0,0.0,3,True
baseline,p63,baseline|p63|1,26475,26480,6,6,2010,2010,1,winter,21,22,3966.8579999999997,2066.902,0.0,0.0,4,True
baseline,p63,baseline|p63|2,35857,35864,8,8,2011,2011,2,winter,19,20,180.977,86.583,0.0,0.0,4,True
baseline,p63,baseline|p63|3,78885,78888,4,4,2018,2015,12,winter,15,16,52.312,19.307,0.0,0.0,3,True
baseline,p63,baseline|p63|4,79231,79232,2,2,2018,2016,1,winter,1,2,46.942,44.793,0.0,0.0,1,False
baseline,p63,baseline|p63|5,122451,122456,6,6,2022,2020,12,winter,21,22,649.071,400.912,0.0,0.0,3,True
baseline,p63,baseline|p63|6,128275,128275,1,1,2023,2021,8,summer,13,14,24.192,24.192,0.0,0.0,3,True
baseline,p63,baseline|p63|7,128299,128299,1,1,2023,2021,8,summer,13,14,73.902,73.902,0.0,0.0,3,True
baseline,p63,baseline|p63|8,128323,128323,1,1,2023,2021,8,summer,13,14,47.953,47.953,0.0,0.0,3,True
baseline,p63,baseline|p63|9,128611,128611,1,1,2023,2021,9,fall,13,14,0.996,0.996,0.0,0.0,1,False
baseline,p63,baseline|p63|10,128635,128635,1,1,2023,2021,9,fall,13,14,2.533,2.533,0.0,0.0,1,False
baseline,p65,baseline|p65|0,402,406,5,5,2007,2007,1,winter,12,13,28.621000000000002,11.177,0.0,0.0,3,True
baseline,p65,baseline|p65|1,26476,26480,5,5,2010,2010,1,winter,22,23,2557.58,1738.756,0.0,0.0,4,True
baseline,p65,baseline|p65|2,35859,35863,5,4,2011,2011,2,winter,21,22,6.664,3.06,0.0,0.0,4,True
baseline,p65,baseline|p65|3,78886,78888,3,3,2018,2015,12,winter,16,17,6.471000000000001,2.438,0.0,0.0,3,True
baseline,p65,baseline|p65|4,122453,122455,3,3,2022,2020,12,winter,23,0,108.413,91.595,0.0,0.0,3,True
baseline,p65,baseline|p65|5,128275,128275,1,1,2023,2021,8,summer,13,14,4.831,4.831,0.0,0.0,3,True
baseline,p65,baseline|p65|6,128299,128299,1,1,2023,2021,8,summer,13,14,25.797,25.797,0.0,0.0,3,True
baseline,p65,baseline|p65|7,128323,128323,1,1,2023,2021,8,summer,13,14,26.966,26.966,0.0,0.0,3,True
baseline,p64,baseline|p64|0,403,406,4,4,2007,2007,1,winter,13,14,22.144000000000002,9.829,0.0,0.0,3,True
baseline,p64,baseline|p64|1,26476,26480,5,5,2010,2010,1,winter,22,23,2089.204,1016.746,0.0,0.0,4,True
baseline,p64,baseline|p64|2,35860,35863,4,4,2011,2011,2,winter,22,23,19.903,12.44,0.0,0.0,4,True
baseline,p64,baseline|p64|3,78886,78888,3,3,2018,2015,12,winter,16,17,3.0250000000000004,1.062,0.0,0.0,3,True
baseline,p64,baseline|p64|4,122454,122455,2,2,2022,2020,12,winter,0,1,62.917,51.557,0.0,0.0,3,True
baseline,p64,baseline|p64|5,128275,128275,1,1,2023,2021,8,summer,13,14,9.658,9.658,0.0,0.0,3,True
baseline,p64,baseline|p64|6,128299,128299,1,1,2023,2021,8,summer,13,14,1.074,1.074,0.0,0.0,3,True
baseline,p64,baseline|p64|7,128323,128323,1,1,2023,2021,8,summer,13,14,3.845,3.845,0.0,0.0,3,True
baseline,p67,baseline|p67|0,26477,26479,3,3,2010,2010,1,winter,23,0,107.04599999999999,92.869,0.0,0.0,4,True
baseline,p67,baseline|p67|1,35863,35863,1,1,2011,2011,2,winter,1,2,0.301,0.301,0.0,0.0,4,True
baseline_with_load_added,p63,baseline_with_load_added|p63|0,379,408,30,30,2007,2007,1,winter,13,14,66646.74299999999,8553.762,0.0,0.0,5,True
baseline_with_load_added,p63,baseline_with_load_added|p63|1,413,419,7,7,2007,2007,1,winter,23,0,2297.2640000000006,1024.228,0.0,0.0,4,True
baseline_with_load_added,p63,baseline_with_load_added|p63|2,1111,1111,1,1,2007,2007,2,winter,1,2,4.393,4.393,0.0,0.0,1,False
baseline_with_load_added,p63,baseline_with_load_added|p63|3,5395,5396,2,2,2007,2007,8,summer,13,14,169.336,165.298,0.0,0.0,4,True
baseline_with_load_added,p63,baseline_with_load_added|p63|4,5419,5420,2,2,2007,2007,8,summer,13,14,183.291,179.144,0.0,0.0,4,True
baseline_with_load_added,p63,baseline_with_load_added|p63|5,13963,13963,1,1,2008,2008,8,summer,13,14,3.718,3.718,0.0,0.0,4,True
baseline_with_load_added,p63,baseline_with_load_added|p63|6,21716,21716,1,1,2009,2009,6,summer,14,15,7.926,7.926,0.0,0.0,3,True
baseline_with_load_added,p63,baseline_with_load_added|p63|7,26466,26480,15,15,2010,2010,1,winter,12,13,43720.524,8542.457,0.0,0.0,4,True
baseline_with_load_added,p63,baseline_with_load_added|p63|8,26503,26504,2,2,2010,2010,1,winter,1,2,5.565,4.355,0.0,0.0,1,False
baseline_with_load_added,p63,baseline_with_load_added|p63|9,31603,31603,1,1,2010,2010,8,summer,13,14,0.376,0.376,0.0,0.0,2,True
baseline_with_load_added,p63,baseline_with_load_added|p63|10,31627,31628,2,2,2010,2010,8,summer,13,14,83.237,82.431,0.0,0.0,3,True
baseline_with_load_added,p63,baseline_with_load_added|p63|11,31771,31771,1,1,2010,2010,8,summer,13,14,67.238,67.238,0.0,0.0,3,True
baseline_with_load_added,p63,baseline_with_load_added|p63|12,31891,31891,1,1,2010,2010,8,summer,13,14,41.212,41.212,0.0,0.0,3,True
baseline_with_load_added,p63,baseline_with_load_added|p63|13,31915,31915,1,1,2010,2010,8,summer,13,14,683.187,683.187,0.0,0.0,3,True
baseline_with_load_added,p63,baseline_with_load_added|p63|14,35838,35843,6,6,2011,2011,2,winter,0,1,1855.467,858.028,0.0,0.0,4,True
baseline_with_load_added,p63,baseline_with_load_added|p63|15,35848,35864,17,17,2011,2011,2,winter,10,11,90635.262,8840.874,0.0,0.0,4,True
baseline_with_load_added,p63,baseline_with_load_added|p63|16,36006,36008,3,3,2011,2011,2,winter,0,1,1908.3329999999999,1600.597,0.0,0.0,3,True
baseline_with_load_added,p63,baseline_with_load_added|p63|17,36029,36032,4,4,2011,2011,2,winter,23,0,1590.74,1378.858,0.0,0.0,4,True
baseline_with_load_added,p63,baseline_with_load_added|p63|18,40147,40148,2,2,2011,2011,7,summer,13,14,62.36,38.376,0.0,0.0,4,True
baseline_with_load_added,p63,baseline_with_load_added|p63|19,40171,40172,2,2,2011,2011,8,summer,13,14,3.989,3.851,0.0,0.0,2,True
baseline_with_load_added,p63,baseline_with_load_added|p63|20,40195,40195,1,1,2011,2011,8,summer,13,14,1.8,1.8,0.0,0.0,2,True
baseline_with_load_added,p63,baseline_with_load_added|p63|21,40651,40651,1,1,2011,2011,8,summer,13,14,14.699,14.699,0.0,0.0,2,True
baseline_with_load_added,p63,baseline_with_load_added|p63|22,40675,40675,1,1,2011,2011,8,summer,13,14,9.501,9.501,0.0,0.0,1,False
baseline_with_load_added,p63,baseline_with_load_added|p63|23,40747,40747,1,1,2011,2011,8,summer,13,14,59.865,59.865,0.0,0.0,3,True
baseline_with_load_added,p63,baseline_with_load_added|p63|24,40771,40771,1,1,2011,2011,8,summer,13,14,60.51,60.51,0.0,0.0,3,True
baseline_with_load_added,p63,baseline_with_load_added|p63|25,40795,40795,1,1,2011,2011,8,summer,13,14,111.451,111.451,0.0,0.0,3,True
baseline_with_load_added,p63,baseline_with_load_added|p63|26,40891,40891,1,1,2011,2011,8,summer,13,14,1.011,1.011,0.0,0.0,2,True
baseline_with_load_added,p63,baseline_with_load_added|p63|27,48043,48044,2,2,2012,2012,6,summer,13,14,252.655,242.061,0.0,0.0,3,True
baseline_with_load_added,p63,baseline_with_load_added|p63|28,48067,48068,2,2,2012,2012,6,summer,13,14,9.861,5.531,0.0,0.0,3,True
baseline_with_load_added,p63,baseline_with_load_added|p63|29,49051,49051,1,1,2012,2012,8,summer,13,14,6.6,6.6,0.0,0.0,1,False
baseline_with_load_added,p63,baseline_with_load_added|p63|30,49123,49123,1,1,2012,2012,8,summer,13,14,7.469,7.469,0.0,0.0,3,True
baseline_with_load_added,p63,baseline_with_load_added|p63|31,49795,49795,1,1,2012,2012,9,fall,13,14,4.507,4.507,0.0,0.0,1,False
baseline_with_load_added,p63,baseline_with_load_added|p63|32,58339,58339,1,1,2013,2013,8,summer,13,14,7.485,7.485,0.0,0.0,3,True
baseline_with_load_added,p63,baseline_with_load_added|p63|33,58363,58363,1,1,2013,2013,8,summer,13,14,1.989,1.989,0.0,0.0,2,True
baseline_with_load_added,p63,baseline_with_load_added|p63|34,58459,58459,1,1,2013,2013,9,fall,13,14,8.349,8.349,0.0,0.0,3,True
baseline_with_load_added,p63,baseline_with_load_added|p63|35,60742,60751,10,10,2013,2013,12,winter,16,17,2473.179,543.446,0.0,0.0,3,True
baseline_with_load_added,p63,baseline_with_load_added|p63|36,78866,78891,26,26,2018,2015,12,winter,20,21,84262.20199999999,10350.579,0.0,0.0,4,True
baseline_with_load_added,p63,baseline_with_load_added|p63|37,78894,78895,2,2,2018,2016,1,winter,0,1,35.068,34.775,0.0,0.0,3,True
baseline_with_load_added,p63,baseline_with_load_added|p63|38,79226,79232,7,7,2018,2016,1,winter,20,21,35972.677,9846.046,0.0,0.0,5,True
baseline_with_load_added,p63,baseline_with_load_added|p63|39,79249,79256,8,8,2018,2016,1,winter,19,20,1629.763,980.653,0.0,0.0,4,True
baseline_with_load_added,p63,baseline_with_load_added|p63|40,93571,93571,1,1,2019,2017,9,fall,13,14,0.616,0.616,0.0,0.0,2,True
baseline_with_load_added,p63,baseline_with_load_added|p63|41,101779,101779,1,1,2020,2018,8,summer,13,14,0.551,0.551,0.0,0.0,1,False
baseline_with_load_added,p63,baseline_with_load_added|p63|42,101803,101803,1,1,2020,2018,8,summer,13,14,146.343,146.343,0.0,0.0,3,True
baseline_with_load_added,p63,baseline_with_load_added|p63|43,101827,101827,1,1,2020,2018,8,summer,13,14,2.959,2.959,0.0,0.0,1,False
baseline_with_load_added,p63,baseline_with_load_added|p63|44,101851,101851,1,1,2020,2018,8,summer,13,14,0.183,0.183,0.0,0.0,1,False
baseline_with_load_added,p63,baseline_with_load_added|p63|45,102043,102043,1,1,2020,2018,8,summer,13,14,0.106,0.106,0.0,0.0,1,False
baseline_with_load_added,p63,baseline_with_load_added|p63|46,102067,102067,1,1,2020,2018,8,summer,13,14,0.658,0.658,0.0,0.0,3,True
baseline_with_load_added,p63,baseline_with_load_added|p63|47,106157,106160,4,4,2021,2019,2,winter,23,0,7.386,4.341,0.0,0.0,3,True
baseline_with_load_added,p63,baseline_with_load_added|p63|48,106171,106182,12,12,2021,2019,2,winter,13,14,55.315000000000005,18.554,0.0,0.0,4,True
baseline_with_load_added,p63,baseline_with_load_added|p63|49,106194,106203,10,10,2021,2019,2,winter,12,13,524.4590000000001,104.019,0.0,0.0,4,True
baseline_with_load_added,p63,baseline_with_load_added|p63|50,106206,106207,2,2,2021,2019,2,winter,0,1,2.6639999999999997,1.531,0.0,0.0,2,True
baseline_with_load_added,p63,baseline_with_load_added|p63|51,106227,106231,5,5,2021,2019,2,winter,21,22,1174.666,674.722,0.0,0.0,4,True
baseline_with_load_added,p63,baseline_with_load_added|p63|52,110084,110084,1,1,2021,2019,7,summer,14,15,0.122,0.122,0.0,0.0,1,False
baseline_with_load_added,p63,baseline_with_load_added|p63|53,110107,110108,2,2,2021,2019,7,summer,13,14,1.336,0.917,0.0,0.0,2,True
baseline_with_load_added,p63,baseline_with_load_added|p63|54,110132,110132,1,1,2021,2019,7,summer,14,15,3.359,3.359,0.0,0.0,2,True
baseline_with_load_added,p63,baseline_with_load_added|p63|55,110779,110779,1,1,2021,2019,8,summer,13,14,4.673,4.673,0.0,0.0,1,False
baseline_with_load_added,p63,baseline_with_load_added|p63|56,110803,110803,1,1,2021,2019,8,summer,13,14,241.56,241.56,0.0,0.0,4,True
baseline_with_load_added,p63,baseline_with_load_added|p63|57,110923,110923,1,1,2021,2019,8,summer,13,14,54.614,54.614,0.0,0.0,3,True
baseline_with_load_added,p63,baseline_with_load_added|p63|58,110947,110947,1,1,2021,2019,8,summer,13,14,1.271,1.271,0.0,0.0,1,False
baseline_with_load_added,p63,baseline_with_load_added|p63|59,114727,114727,1,1,2022,2020,2,winter,1,2,0.89,0.89,0.0,0.0,1,False
baseline_with_load_added,p63,baseline_with_load_added|p63|60,118436,118436,1,1,2022,2020,7,summer,14,15,0.291,0.291,0.0,0.0,1,False
baseline_with_load_added,p63,baseline_with_load_added|p63|61,118532,118532,1,1,2022,2020,7,summer,14,15,4.075,4.075,0.0,0.0,1,False
baseline_with_load_added,p63,baseline_with_load_added|p63|62,122444,122456,13,13,2022,2020,12,winter,14,15,50301.227,7809.857,0.0,0.0,5,True
baseline_with_load_added,p63,baseline_with_load_added|p63|63,123395,123416,22,22,2023,2021,1,winter,5,6,8423.699999999999,1248.828,0.0,0.0,3,True
baseline_with_load_added,p63,baseline_with_load_added|p63|64,127460,127460,1,1,2023,2021,7,summer,14,15,0.881,0.881,0.0,0.0,1,False
baseline_with_load_added,p63,baseline_with_load_added|p63|65,127484,127484,1,1,2023,2021,7,summer,14,15,0.197,0.197,0.0,0.0,1,False
baseline_with_load_added,p63,baseline_with_load_added|p63|66,127699,127700,2,2,2023,2021,7,summer,13,14,9.547,6.311,0.0,0.0,2,True
baseline_with_load_added,p63,baseline_with_load_added|p63|67,127723,127724,2,2,2023,2021,7,summer,13,14,235.776,143.6,0.0,0.0,2,True
baseline_with_load_added,p63,baseline_with_load_added|p63|68,127747,127748,2,2,2023,2021,7,summer,13,14,44.906,27.804,0.0,0.0,2,True
baseline_with_load_added,p63,baseline_with_load_added|p63|69,127771,127772,2,2,2023,2021,7,summer,13,14,3.368,2.88,0.0,0.0,1,False
baseline_with_load_added,p63,baseline_with_load_added|p63|70,127795,127796,2,2,2023,2021,7,summer,13,14,4.712,2.738,0.0,0.0,1,False
baseline_with_load_added,p63,baseline_with_load_added|p63|71,127819,127820,2,2,2023,2021,7,summer,13,14,56.677,53.164,0.0,0.0,2,True
baseline_with_load_added,p63,baseline_with_load_added|p63|72,127843,127844,2,2,2023,2021,8,summer,13,14,6.0920000000000005,5.192,0.0,0.0,1,False
baseline_with_load_added,p63,baseline_with_load_added|p63|73,127867,127867,1,1,2023,2021,8,summer,13,14,0.762,0.762,0.0,0.0,1,False
baseline_with_load_added,p63,baseline_with_load_added|p63|74,127891,127891,1,1,2023,2021,8,summer,13,14,21.241,21.241,0.0,0.0,1,False
baseline_with_load_added,p63,baseline_with_load_added|p63|75,127963,127964,2,2,2023,2021,8,summer,13,14,569.126,545.678,0.0,0.0,2,True
baseline_with_load_added,p63,baseline_with_load_added|p63|76,127987,127987,1,1,2023,2021,8,summer,13,14,22.491,22.491,0.0,0.0,2,True
baseline_with_load_added,p63,baseline_with_load_added|p63|77,128011,128011,1,1,2023,2021,8,summer,13,14,0.576,0.576,0.0,0.0,1,False
baseline_with_load_added,p63,baseline_with_load_added|p63|78,128035,128035,1,1,2023,2021,8,summer,13,14,46.148,46.148,0.0,0.0,2,True
baseline_with_load_added,p63,baseline_with_load_added|p63|79,128059,128060,2,2,2023,2021,8,summer,13,14,207.006,205.351,0.0,0.0,3,True
baseline_with_load_added,p63,baseline_with_load_added|p63|80,128083,128084,2,2,2023,2021,8,summer,13,14,152.024,148.443,0.0,0.0,3,True
baseline_with_load_added,p63,baseline_with_load_added|p63|81,128107,128108,2,2,2023,2021,8,summer,13,14,378.985,378.216,0.0,0.0,3,True
baseline_with_load_added,p63,baseline_with_load_added|p63|82,128131,128132,2,2,2023,2021,8,summer,13,14,2899.2639999999997,2691.086,0.0,0.0,4,True
baseline_with_load_added,p63,baseline_with_load_added|p63|83,128155,128155,1,1,2023,2021,8,summer,13,14,1341.683,1341.683,0.0,0.0,4,True
baseline_with_load_added,p63,baseline_with_load_added|p63|84,128179,128180,2,2,2023,2021,8,summer,13,14,327.86899999999997,325.924,0.0,0.0,2,True
baseline_with_load_added,p63,baseline_with_load_added|p63|85,128203,128204,2,2,2023,2021,8,summer,13,14,566.414,549.857,0.0,0.0,4,True
baseline_with_load_added,p63,baseline_with_load_added|p63|86,128212,128214,3,3,2023,2021,8,summer,22,23,6.832,3.262,0.0,0.0,2,True
baseline_with_load_added,p63,baseline_with_load_added|p63|87,128227,128228,2,2,2023,2021,8,summer,13,14,290.17900000000003,286.975,0.0,0.0,4,True
baseline_with_load_added,p63,baseline_with_load_added|p63|88,128275,128278,4,4,2023,2021,8,summer,13,14,2997.782,2318.705,0.0,0.0,4,True
baseline_with_load_added,p63,baseline_with_load_added|p63|89,128281,128283,3,3,2023,2021,8,summer,19,20,7.018000000000001,4.027,0.0,0.0,3,True
baseline_with_load_added,p63,baseline_with_load_added|p63|90,128299,128301,3,3,2023,2021,8,summer,13,14,3924.977,3246.266,0.0,0.0,4,True
baseline_with_load_added,p63,baseline_with_load_added|p63|91,128305,128307,3,3,2023,2021,8,summer,19,20,2.717,1.889,0.0,0.0,2,True
baseline_with_load_added,p63,baseline_with_load_added|p63|92,128323,128325,3,3,2023,2021,8,summer,13,14,3592.9410000000003,2761.558,0.0,0.0,4,True
baseline_with_load_added,p63,baseline_with_load_added|p63|93,128328,128330,3,3,2023,2021,8,summer,18,19,5.813000000000001,4.198,0.0,0.0,3,True
baseline_with_load_added,p63,baseline_with_load_added|p63|94,128347,128354,8,6,2023,2021,8,summer,13,14,1945.6119999999999,1735.392,0.0,0.0,4,True
baseline_with_load_added,p63,baseline_with_load_added|p63|95,128371,128371,1,1,2023,2021,8,summer,13,14,8.514,8.514,0.0,0.0,3,True
baseline_with_load_added,p63,baseline_with_load_added|p63|96,128395,128395,1,1,2023,2021,8,summer,13,14,14.686,14.686,0.0,0.0,2,True
baseline_with_load_added,p63,baseline_with_load_added|p63|97,128419,128419,1,1,2023,2021,8,summer,13,14,0.241,0.241,0.0,0.0,2,True
baseline_with_load_added,p63,baseline_with_load_added|p63|98,128443,128444,2,2,2023,2021,8,summer,13,14,100.771,98.978,0.0,0.0,3,True
baseline_with_load_added,p63,baseline_with_load_added|p63|99,128467,128467,1,1,2023,2021,8,summer,13,14,48.971,48.971,0.0,0.0,3,True
baseline_with_load_added,p63,baseline_with_load_added|p63|100,128491,128491,1,1,2023,2021,8,summer,13,14,4.412,4.412,0.0,0.0,3,True
baseline_with_load_added,p63,baseline_with_load_added|p63|101,128611,128612,2,2,2023,2021,9,fall,13,14,2959.817,2928.736,0.0,0.0,4,True
baseline_with_load_added,p63,baseline_with_load_added|p63|102,128635,128636,2,2,2023,2021,9,fall,13,14,3086.93,2998.187,0.0,0.0,4,True
baseline_with_load_added,p63,baseline_with_load_added|p63|103,128659,128659,1,1,2023,2021,9,fall,13,14,21.741,21.741,0.0,0.0,4,True
baseline_with_load_added,p64,baseline_with_load_added|p64|0,381,407,27,27,2007,2007,1,winter,15,16,33147.078,4426.69,0.0,0.0,5,True
baseline_with_load_added,p64,baseline_with_load_added|p64|1,412,418,7,7,2007,2007,1,winter,22,23,3421.025,1382.585,0.0,0.0,4,True
baseline_with_load_added,p64,baseline_with_load_added|p64|2,5395,5396,2,2,2007,2007,8,summer,13,14,7.742,6.612,0.0,0.0,4,True
baseline_with_load_added,p64,baseline_with_load_added|p64|3,5419,5420,2,2,2007,2007,8,summer,13,14,16.3,15.182,0.0,0.0,4,True
baseline_with_load_added,p64,baseline_with_load_added|p64|4,13963,13963,1,1,2008,2008,8,summer,13,14,4.028,4.028,0.0,0.0,4,True
baseline_with_load_added,p64,baseline_with_load_added|p64|5,21716,21716,1,1,2009,2009,6,summer,14,15,0.165,0.165,0.0,0.0,3,True
baseline_with_load_added,p64,baseline_with_load_added|p64|6,26467,26468,2,2,2010,2010,1,winter,13,14,11.561,7.998,0.0,0.0,3,True
baseline_with_load_added,p64,baseline_with_load_added|p64|7,26472,26480,9,9,2010,2010,1,winter,18,19,31880.103,5775.186,0.0,0.0,4,True
baseline_with_load_added,p64,baseline_with_load_added|p64|8,31459,31459,1,1,2010,2010,8,summer,13,14,0.101,0.101,0.0,0.0,1,False
baseline_with_load_added,p64,baseline_with_load_added|p64|9,31603,31603,1,1,2010,2010,8,summer,13,14,1.692,1.692,0.0,0.0,2,True
baseline_with_load_added,p64,baseline_with_load_added|p64|10,31627,31628,2,2,2010,2010,8,summer,13,14,6.635,6.164,0.0,0.0,3,True
baseline_with_load_added,p64,baseline_with_load_added|p64|11,31771,31771,1,1,2010,2010,8,summer,13,14,1.531,1.531,0.0,0.0,3,True
baseline_with_load_added,p64,baseline_with_load_added|p64|12,31891,31891,1,1,2010,2010,8,summer,13,14,2.58,2.58,0.0,0.0,3,True
baseline_with_load_added,p64,baseline_with_load_added|p64|13,31915,31915,1,1,2010,2010,8,summer,13,14,90.576,90.576,0.0,0.0,3,True
baseline_with_load_added,p64,baseline_with_load_added|p64|14,35839,35843,5,5,2011,2011,2,winter,1,2,1039.509,529.158,0.0,0.0,4,True
baseline_with_load_added,p64,baseline_with_load_added|p64|15,35848,35863,16,16,2011,2011,2,winter,10,11,22671.958,2736.867,0.0,0.0,4,True
baseline_with_load_added,p64,baseline_with_load_added|p64|16,36006,36008,3,3,2011,2011,2,winter,0,1,953.724,891.935,0.0,0.0,3,True
baseline_with_load_added,p64,baseline_with_load_added|p64|17,36029,36032,4,4,2011,2011,2,winter,23,0,619.564,553.884,0.0,0.0,4,True
baseline_with_load_added,p64,baseline_with_load_added|p64|18,40147,40148,2,2,2011,2011,7,summer,13,14,17.227,12.293,0.0,0.0,4,True
baseline_with_load_added,p64,baseline_with_load_added|p64|19,40171,40171,1,1,2011,2011,8,summer,13,14,0.729,0.729,0.0,0.0,2,True
baseline_with_load_added,p64,baseline_with_load_added|p64|20,40195,40195,1,1,2011,2011,8,summer,13,14,0.364,0.364,0.0,0.0,2,True
baseline_with_load_added,p64,baseline_with_load_added|p64|21,40651,40651,1,1,2011,2011,8,summer,13,14,0.189,0.189,0.0,0.0,2,True
baseline_with_load_added,p64,baseline_with_load_added|p64|22,40747,40747,1,1,2011,2011,8,summer,13,14,1.024,1.024,0.0,0.0,3,True
baseline_with_load_added,p64,baseline_with_load_added|p64|23,40771,40771,1,1,2011,2011,8,summer,13,14,7.256,7.256,0.0,0.0,3,True
baseline_with_load_added,p64,baseline_with_load_added|p64|24,40795,40795,1,1,2011,2011,8,summer,13,14,24.812,24.812,0.0,0.0,3,True
baseline_with_load_added,p64,baseline_with_load_added|p64|25,48043,48044,2,2,2012,2012,6,summer,13,14,226.78799999999998,201.367,0.0,0.0,3,True
baseline_with_load_added,p64,baseline_with_load_added|p64|26,48067,48068,2,2,2012,2012,6,summer,13,14,19.516000000000002,14.066,0.0,0.0,3,True
baseline_with_load_added,p64,baseline_with_load_added|p64|27,49123,49123,1,1,2012,2012,8,summer,13,14,4.862,4.862,0.0,0.0,3,True
baseline_with_load_added,p64,baseline_with_load_added|p64|28,58339,58339,1,1,2013,2013,8,summer,13,14,0.846,0.846,0.0,0.0,3,True
baseline_with_load_added,p64,baseline_with_load_added|p64|29,58459,58459,1,1,2013,2013,9,fall,13,14,0.19,0.19,0.0,0.0,3,True
baseline_with_load_added,p64,baseline_with_load_added|p64|30,60744,60751,8,8,2013,2013,12,winter,18,19,1341.4389999999999,583.217,0.0,0.0,3,True
baseline_with_load_added,p64,baseline_with_load_added|p64|31,78866,78890,25,25,2018,2015,12,winter,20,21,31731.256,3655.289,0.0,0.0,4,True
baseline_with_load_added,p64,baseline_with_load_added|p64|32,79226,79232,7,7,2018,2016,1,winter,20,21,14715.637999999999,4756.204,0.0,0.0,5,True
baseline_with_load_added,p64,baseline_with_load_added|p64|33,79249,79256,8,8,2018,2016,1,winter,19,20,1695.495,1037.724,0.0,0.0,4,True
baseline_with_load_added,p64,baseline_with_load_added|p64|34,93571,93571,1,1,2019,2017,9,fall,13,14,0.141,0.141,0.0,0.0,2,True
baseline_with_load_added,p64,baseline_with_load_added|p64|35,101803,101803,1,1,2020,2018,8,summer,13,14,6.009,6.009,0.0,0.0,3,True
baseline_with_load_added,p64,baseline_with_load_added|p64|36,102067,102067,1,1,2020,2018,8,summer,13,14,0.306,0.306,0.0,0.0,3,True
baseline_with_load_added,p64,baseline_with_load_added|p64|37,106157,106160,4,4,2021,2019,2,winter,23,0,3.998,1.689,0.0,0.0,3,True
baseline_with_load_added,p64,baseline_with_load_added|p64|38,106172,106180,9,9,2021,2019,2,winter,14,15,64.03,20.088,0.0,0.0,4,True
baseline_with_load_added,p64,baseline_with_load_added|p64|39,106195,106203,9,9,2021,2019,2,winter,13,14,293.241,55.573,0.0,0.0,4,True
baseline_with_load_added,p64,baseline_with_load_added|p64|40,106228,106231,4,4,2021,2019,2,winter,22,23,329.746,171.975,0.0,0.0,4,True
baseline_with_load_added,p64,baseline_with_load_added|p64|41,110803,110803,1,1,2021,2019,8,summer,13,14,29.211,29.211,0.0,0.0,4,True
baseline_with_load_added,p64,baseline_with_load_added|p64|42,110923,110923,1,1,2021,2019,8,summer,13,14,9.218,9.218,0.0,0.0,3,True
baseline_with_load_added,p64,baseline_with_load_added|p64|43,122444,122456,13,13,2022,2020,12,winter,14,15,17135.049,3319.708,0.0,0.0,5,True
baseline_with_load_added,p64,baseline_with_load_added|p64|44,123402,123416,15,15,2023,2021,1,winter,12,13,655.852,126.664,0.0,0.0,3,True
baseline_with_load_added,p64,baseline_with_load_added|p64|45,127699,127699,1,1,2023,2021,7,summer,13,14,0.278,0.278,0.0,0.0,2,True
baseline_with_load_added,p64,baseline_with_load_added|p64|46,127723,127724,2,2,2023,2021,7,summer,13,14,19.703,15.062,0.0,0.0,2,True
baseline_with_load_added,p64,baseline_with_load_added|p64|47,127747,127748,2,2,2023,2021,7,summer,13,14,1.3679999999999999,0.727,0.0,0.0,2,True
baseline_with_load_added,p64,baseline_with_load_added|p64|48,127819,127819,1,1,2023,2021,7,summer,13,14,0.439,0.439,0.0,0.0,2,True
baseline_with_load_added,p64,baseline_with_load_added|p64|49,127963,127963,1,1,2023,2021,8,summer,13,14,7.132,7.132,0.0,0.0,2,True
baseline_with_load_added,p64,baseline_with_load_added|p64|50,127987,127987,1,1,2023,2021,8,summer,13,14,0.544,0.544,0.0,0.0,2,True
baseline_with_load_added,p64,baseline_with_load_added|p64|51,128035,128035,1,1,2023,2021,8,summer,13,14,1.303,1.303,0.0,0.0,2,True
baseline_with_load_added,p64,baseline_with_load_added|p64|52,128059,128060,2,2,2023,2021,8,summer,13,14,83.89200000000001,83.65,0.0,0.0,3,True
baseline_with_load_added,p64,baseline_with_load_added|p64|53,128083,128083,1,1,2023,2021,8,summer,13,14,166.059,166.059,0.0,0.0,3,True
baseline_with_load_added,p64,baseline_with_load_added|p64|54,128107,128107,1,1,2023,2021,8,summer,13,14,137.922,137.922,0.0,0.0,3,True
baseline_with_load_added,p64,baseline_with_load_added|p64|55,128131,128132,2,2,2023,2021,8,summer,13,14,657.8710000000001,650.464,0.0,0.0,4,True
baseline_with_load_added,p64,baseline_with_load_added|p64|56,128155,128155,1,1,2023,2021,8,summer,13,14,80.245,80.245,0.0,0.0,4,True
baseline_with_load_added,p64,baseline_with_load_added|p64|57,128179,128179,1,1,2023,2021,8,summer,13,14,8.651,8.651,0.0,0.0,2,True
baseline_with_load_added,p64,baseline_with_load_added|p64|58,128203,128204,2,2,2023,2021,8,summer,13,14,1058.729,1039.029,0.0,0.0,4,True
baseline_with_load_added,p64,baseline_with_load_added|p64|59,128227,128228,2,2,2023,2021,8,summer,13,14,28.229,28.107,0.0,0.0,4,True
baseline_with_load_added,p64,baseline_with_load_added|p64|60,128275,128278,4,4,2023,2021,8,summer,13,14,1567.192,853.434,0.0,0.0,4,True
baseline_with_load_added,p64,baseline_with_load_added|p64|61,128282,128283,2,2,2023,2021,8,summer,20,21,4.763,3.6,0.0,0.0,3,True
baseline_with_load_added,p64,baseline_with_load_added|p64|62,128299,128301,3,3,2023,2021,8,summer,13,14,1118.988,797.336,0.0,0.0,4,True
baseline_with_load_added,p64,baseline_with_load_added|p64|63,128306,128306,1,1,2023,2021,8,summer,20,21,0.988,0.988,0.0,0.0,2,True
baseline_with_load_added,p64,baseline_with_load_added|p64|64,128323,128325,3,3,2023,2021,8,summer,13,14,2289.4179999999997,1678.542,0.0,0.0,4,True
baseline_with_load_added,p64,baseline_with_load_added|p64|65,128330,128330,1,1,2023,2021,8,summer,20,21,0.759,0.759,0.0,0.0,3,True
baseline_with_load_added,p64,baseline_with_load_added|p64|66,128347,128349,3,3,2023,2021,8,summer,13,14,212.141,189.183,0.0,0.0,4,True
baseline_with_load_added,p64,baseline_with_load_added|p64|67,128353,128354,2,2,2023,2021,8,summer,19,20,2.019,1.862,0.0,0.0,3,True
baseline_with_load_added,p64,baseline_with_load_added|p64|68,128371,128371,1,1,2023,2021,8,summer,13,14,1.764,1.764,0.0,0.0,3,True
baseline_with_load_added,p64,baseline_with_load_added|p64|69,128443,128443,1,1,2023,2021,8,summer,13,14,54.817,54.817,0.0,0.0,3,True
baseline_with_load_added,p64,baseline_with_load_added|p64|70,128467,128467,1,1,2023,2021,8,summer,13,14,1.133,1.133,0.0,0.0,3,True
baseline_with_load_added,p64,baseline_with_load_added|p64|71,128491,128491,1,1,2023,2021,8,summer,13,14,1.41,1.41,0.0,0.0,3,True
baseline_with_load_added,p64,baseline_with_load_added|p64|72,128611,128611,1,1,2023,2021,9,fall,13,14,1080.093,1080.093,0.0,0.0,4,True
baseline_with_load_added,p64,baseline_with_load_added|p64|73,128635,128636,2,2,2023,2021,9,fall,13,14,614.002,609.444,0.0,0.0,4,True
baseline_with_load_added,p64,baseline_with_load_added|p64|74,128659,128659,1,1,2023,2021,9,fall,13,14,3.605,3.605,0.0,0.0,4,True
baseline_with_load_added,p65,baseline_with_load_added|p65|0,381,408,28,28,2007,2007,1,winter,15,16,43652.560000000005,5643.307,0.0,0.0,5,True
baseline_with_load_added,p65,baseline_with_load_added|p65|1,412,418,7,7,2007,2007,1,winter,22,23,6118.085,2281.87,0.0,0.0,4,True
baseline_with_load_added,p65,baseline_with_load_added|p65|2,5395,5395,1,1,2007,2007,8,summer,13,14,170.845,170.845,0.0,0.0,4,True
baseline_with_load_added,p65,baseline_with_load_added|p65|3,5419,5420,2,2,2007,2007,8,summer,13,14,48.753,48.411,0.0,0.0,4,True
baseline_with_load_added,p65,baseline_with_load_added|p65|4,13963,13963,1,1,2008,2008,8,summer,13,14,9.703,9.703,0.0,0.0,4,True
baseline_with_load_added,p65,baseline_with_load_added|p65|5,21716,21716,1,1,2009,2009,6,summer,14,15,4.521,4.521,0.0,0.0,3,True
baseline_with_load_added,p65,baseline_with_load_added|p65|6,26467,26468,2,2,2010,2010,1,winter,13,14,0.646,0.446,0.0,0.0,3,True
baseline_with_load_added,p65,baseline_with_load_added|p65|7,26472,26480,9,9,2010,2010,1,winter,18,19,31312.336000000003,6626.42,0.0,0.0,4,True
baseline_with_load_added,p65,baseline_with_load_added|p65|8,31627,31627,1,1,2010,2010,8,summer,13,14,56.663,56.663,0.0,0.0,3,True
baseline_with_load_added,p65,baseline_with_load_added|p65|9,31771,31771,1,1,2010,2010,8,summer,13,14,51.917,51.917,0.0,0.0,3,True
baseline_with_load_added,p65,baseline_with_load_added|p65|10,31891,31891,1,1,2010,2010,8,summer,13,14,2.485,2.485,0.0,0.0,3,True
baseline_with_load_added,p65,baseline_with_load_added|p65|11,31915,31915,1,1,2010,2010,8,summer,13,14,583.912,583.912,0.0,0.0,3,True
baseline_with_load_added,p65,baseline_with_load_added|p65|12,35839,35843,5,5,2011,2011,2,winter,1,2,900.534,372.919,0.0,0.0,4,True
baseline_with_load_added,p65,baseline_with_load_added|p65|13,35848,35863,16,16,2011,2011,2,winter,10,11,32862.672,4387.645,0.0,0.0,4,True
baseline_with_load_added,p65,baseline_with_load_added|p65|14,36006,36007,2,2,2011,2011,2,winter,0,1,45.573,45.321,0.0,0.0,3,True
baseline_with_load_added,p65,baseline_with_load_added|p65|15,36029,36031,3,3,2011,2011,2,winter,23,0,1561.432,1405.248,0.0,0.0,4,True
baseline_with_load_added,p65,baseline_with_load_added|p65|16,40147,40148,2,2,2011,2011,7,summer,13,14,11.843,7.625,0.0,0.0,4,True
baseline_with_load_added,p65,baseline_with_load_added|p65|17,40747,40747,1,1,2011,2011,8,summer,13,14,9.913,9.913,0.0,0.0,3,True
baseline_with_load_added,p65,baseline_with_load_added|p65|18,40771,40771,1,1,2011,2011,8,summer,13,14,58.151,58.151,0.0,0.0,3,True
baseline_with_load_added,p65,baseline_with_load_added|p65|19,40795,40795,1,1,2011,2011,8,summer,13,14,356.354,356.354,0.0,0.0,3,True
baseline_with_load_added,p65,baseline_with_load_added|p65|20,40891,40891,1,1,2011,2011,8,summer,13,14,2.182,2.182,0.0,0.0,2,True
baseline_with_load_added,p65,baseline_with_load_added|p65|21,48043,48044,2,2,2012,2012,6,summer,13,14,76.415,67.087,0.0,0.0,3,True
baseline_with_load_added,p65,baseline_with_load_added|p65|22,48067,48068,2,2,2012,2012,6,summer,13,14,11.282,9.214,0.0,0.0,3,True
baseline_with_load_added,p65,baseline_with_load_added|p65|23,49123,49123,1,1,2012,2012,8,summer,13,14,1.081,1.081,0.0,0.0,3,True
baseline_with_load_added,p65,baseline_with_load_added|p65|24,58339,58339,1,1,2013,2013,8,summer,13,14,3.164,3.164,0.0,0.0,3,True
baseline_with_load_added,p65,baseline_with_load_added|p65|25,58363,58363,1,1,2013,2013,8,summer,13,14,1.799,1.799,0.0,0.0,2,True
baseline_with_load_added,p65,baseline_with_load_added|p65|26,58459,58459,1,1,2013,2013,9,fall,13,14,6.584,6.584,0.0,0.0,3,True
baseline_with_load_added,p65,baseline_with_load_added|p65|27,60744,60751,8,8,2013,2013,12,winter,18,19,1288.1100000000001,624.167,0.0,0.0,3,True
baseline_with_load_added,p65,baseline_with_load_added|p65|28,78867,78895,29,29,2018,2015,12,winter,21,22,27924.802,2583.541,0.0,0.0,4,True
baseline_with_load_added,p65,baseline_with_load_added|p65|29,79226,79232,7,7,2018,2016,1,winter,20,21,11848.53,4987.313,0.0,0.0,5,True
baseline_with_load_added,p65,baseline_with_load_added|p65|30,79249,79257,9,9,2018,2016,1,winter,19,20,2222.033,920.008,0.0,0.0,4,True
baseline_with_load_added,p65,baseline_with_load_added|p65|31,101803,101803,1,1,2020,2018,8,summer,13,14,0.506,0.506,0.0,0.0,3,True
baseline_with_load_added,p65,baseline_with_load_added|p65|32,102067,102067,1,1,2020,2018,8,summer,13,14,0.698,0.698,0.0,0.0,3,True
baseline_with_load_added,p65,baseline_with_load_added|p65|33,106157,106160,4,4,2021,2019,2,winter,23,0,2.023,0.898,0.0,0.0,3,True
baseline_with_load_added,p65,baseline_with_load_added|p65|34,106171,106183,13,13,2021,2019,2,winter,13,14,317.893,60.465,0.0,0.0,4,True
baseline_with_load_added,p65,baseline_with_load_added|p65|35,106186,106189,4,4,2021,2019,2,winter,4,5,53.227000000000004,29.677,0.0,0.0,2,True
baseline_with_load_added,p65,baseline_with_load_added|p65|36,106194,106203,10,10,2021,2019,2,winter,12,13,1438.662,247.581,0.0,0.0,4,True
baseline_with_load_added,p65,baseline_with_load_added|p65|37,106227,106231,5,5,2021,2019,2,winter,21,22,1117.4859999999999,661.547,0.0,0.0,4,True
baseline_with_load_added,p65,baseline_with_load_added|p65|38,110107,110107,1,1,2021,2019,7,summer,13,14,0.13,0.13,0.0,0.0,2,True
baseline_with_load_added,p65,baseline_with_load_added|p65|39,110132,110132,1,1,2021,2019,7,summer,14,15,1.409,1.409,0.0,0.0,2,True
baseline_with_load_added,p65,baseline_with_load_added|p65|40,110803,110803,1,1,2021,2019,8,summer,13,14,5.495,5.495,0.0,0.0,4,True
baseline_with_load_added,p65,baseline_with_load_added|p65|41,110923,110923,1,1,2021,2019,8,summer,13,14,2.885,2.885,0.0,0.0,3,True
baseline_with_load_added,p65,baseline_with_load_added|p65|42,122444,122446,3,3,2022,2020,12,winter,14,15,5.853,2.469,0.0,0.0,3,True
baseline_with_load_added,p65,baseline_with_load_added|p65|43,122449,122456,8,8,2022,2020,12,winter,19,20,21978.014,4608.392,0.0,0.0,5,True
baseline_with_load_added,p65,baseline_with_load_added|p65|44,123402,123415,14,14,2023,2021,1,winter,12,13,1570.5389999999998,304.228,0.0,0.0,3,True
baseline_with_load_added,p65,baseline_with_load_added|p65|45,128083,128083,1,1,2023,2021,8,summer,13,14,16.054,16.054,0.0,0.0,3,True
baseline_with_load_added,p65,baseline_with_load_added|p65|46,128107,128107,1,1,2023,2021,8,summer,13,14,18.493,18.493,0.0,0.0,3,True
baseline_with_load_added,p65,baseline_with_load_added|p65|47,128131,128131,1,1,2023,2021,8,summer,13,14,33.25,33.25,0.0,0.0,4,True
baseline_with_load_added,p65,baseline_with_load_added|p65|48,128155,128155,1,1,2023,2021,8,summer,13,14,0.297,0.297,0.0,0.0,4,True
baseline_with_load_added,p65,baseline_with_load_added|p65|49,128203,128204,2,2,2023,2021,8,summer,13,14,518.626,511.278,0.0,0.0,4,True
baseline_with_load_added,p65,baseline_with_load_added|p65|50,128211,128211,1,1,2023,2021,8,summer,21,22,0.178,0.178,0.0,0.0,1,False
baseline_with_load_added,p65,baseline_with_load_added|p65|51,128214,128214,1,1,2023,2021,8,summer,0,1,0.168,0.168,0.0,0.0,2,True
baseline_with_load_added,p65,baseline_with_load_added|p65|52,128227,128227,1,1,2023,2021,8,summer,13,14,2.373,2.373,0.0,0.0,4,True
baseline_with_load_added,p65,baseline_with_load_added|p65|53,128275,128278,4,4,2023,2021,8,summer,13,14,3098.27,2741.736,0.0,0.0,4,True
baseline_with_load_added,p65,baseline_with_load_added|p65|54,128281,128283,3,3,2023,2021,8,summer,19,20,10.248000000000001,5.824,0.0,0.0,3,True
baseline_with_load_added,p65,baseline_with_load_added|p65|55,128299,128301,3,3,2023,2021,8,summer,13,14,3096.23,3033.544,0.0,0.0,4,True
baseline_with_load_added,p65,baseline_with_load_added|p65|56,128305,128305,1,1,2023,2021,8,summer,19,20,0.314,0.314,0.0,0.0,2,True
baseline_with_load_added,p65,baseline_with_load_added|p65|57,128323,128325,3,3,2023,2021,8,summer,13,14,2410.138,2325.381,0.0,0.0,4,True
baseline_with_load_added,p65,baseline_with_load_added|p65|58,128329,128330,2,2,2023,2021,8,summer,19,20,28.988999999999997,16.935,0.0,0.0,3,True
baseline_with_load_added,p65,baseline_with_load_added|p65|59,128347,128348,2,2,2023,2021,8,summer,13,14,1624.444,1622.588,0.0,0.0,4,True
baseline_with_load_added,p65,baseline_with_load_added|p65|60,128353,128354,2,2,2023,2021,8,summer,19,20,27.057000000000002,17.878,0.0,0.0,3,True
baseline_with_load_added,p65,baseline_with_load_added|p65|61,128371,128371,1,1,2023,2021,8,summer,13,14,150.698,150.698,0.0,0.0,3,True
baseline_with_load_added,p65,baseline_with_load_added|p65|62,128395,128395,1,1,2023,2021,8,summer,13,14,9.455,9.455,0.0,0.0,2,True
baseline_with_load_added,p65,baseline_with_load_added|p65|63,128419,128419,1,1,2023,2021,8,summer,13,14,0.91,0.91,0.0,0.0,2,True
baseline_with_load_added,p65,baseline_with_load_added|p65|64,128443,128443,1,1,2023,2021,8,summer,13,14,334.096,334.096,0.0,0.0,3,True
baseline_with_load_added,p65,baseline_with_load_added|p65|65,128467,128467,1,1,2023,2021,8,summer,13,14,1.87,1.87,0.0,0.0,3,True
baseline_with_load_added,p65,baseline_with_load_added|p65|66,128491,128491,1,1,2023,2021,8,summer,13,14,0.678,0.678,0.0,0.0,3,True
baseline_with_load_added,p65,baseline_with_load_added|p65|67,128611,128611,1,1,2023,2021,9,fall,13,14,262.342,262.342,0.0,0.0,4,True
baseline_with_load_added,p65,baseline_with_load_added|p65|68,128635,128635,1,1,2023,2021,9,fall,13,14,501.808,501.808,0.0,0.0,4,True
baseline_with_load_added,p65,baseline_with_load_added|p65|69,128659,128659,1,1,2023,2021,9,fall,13,14,26.771,26.771,0.0,0.0,4,True
baseline_with_load_added,p67,baseline_with_load_added|p67|0,381,381,1,1,2007,2007,1,winter,15,16,0.516,0.516,0.0,0.0,4,True
baseline_with_load_added,p67,baseline_with_load_added|p67|1,390,395,6,6,2007,2007,1,winter,0,1,86.36,35.497,0.0,0.0,5,True
baseline_with_load_added,p67,baseline_with_load_added|p67|2,401,405,5,5,2007,2007,1,winter,11,12,342.26599999999996,163.244,0.0,0.0,4,True
baseline_with_load_added,p67,baseline_with_load_added|p67|3,414,415,2,2,2007,2007,1,winter,0,1,2.598,2.452,0.0,0.0,4,True
baseline_with_load_added,p67,baseline_with_load_added|p67|4,5395,5395,1,1,2007,2007,8,summer,13,14,0.803,0.803,0.0,0.0,4,True
baseline_with_load_added,p67,baseline_with_load_added|p67|5,5419,5419,1,1,2007,2007,8,summer,13,14,0.218,0.218,0.0,0.0,4,True
baseline_with_load_added,p67,baseline_with_load_added|p67|6,13963,13963,1,1,2008,2008,8,summer,13,14,0.359,0.359,0.0,0.0,4,True
baseline_with_load_added,p67,baseline_with_load_added|p67|7,26473,26480,8,8,2010,2010,1,winter,19,20,3267.671,1549.547,0.0,0.0,4,True
baseline_with_load_added,p67,baseline_with_load_added|p67|8,35839,35843,5,5,2011,2011,2,winter,1,2,529.04,260.937,0.0,0.0,4,True
baseline_with_load_added,p67,baseline_with_load_added|p67|9,35848,35863,16,16,2011,2011,2,winter,10,11,3567.8240000000005,980.549,0.0,0.0,4,True
baseline_with_load_added,p67,baseline_with_load_added|p67|10,36008,36008,1,1,2011,2011,2,winter,2,3,0.94,0.94,0.0,0.0,3,True
baseline_with_load_added,p67,baseline_with_load_added|p67|11,36030,36031,2,2,2011,2011,2,winter,0,1,46.872,42.359,0.0,0.0,4,True
baseline_with_load_added,p67,baseline_with_load_added|p67|12,40147,40147,1,1,2011,2011,7,summer,13,14,0.862,0.862,0.0,0.0,4,True
baseline_with_load_added,p67,baseline_with_load_added|p67|13,78871,78890,20,19,2018,2015,12,winter,1,2,1237.303,384.346,0.0,0.0,4,True
baseline_with_load_added,p67,baseline_with_load_added|p67|14,78894,78895,2,2,2018,2016,1,winter,0,1,36.163000000000004,35.838,0.0,0.0,3,True
baseline_with_load_added,p67,baseline_with_load_added|p67|15,79227,79232,6,6,2018,2016,1,winter,21,22,353.308,237.221,0.0,0.0,5,True
baseline_with_load_added,p67,baseline_with_load_added|p67|16,79250,79257,8,7,2018,2016,1,winter,20,21,52.569,31.774,0.0,0.0,4,True
baseline_with_load_added,p67,baseline_with_load_added|p67|17,106172,106178,7,7,2021,2019,2,winter,14,15,4.0040000000000004,1.259,0.0,0.0,4,True
baseline_with_load_added,p67,baseline_with_load_added|p67|18,106186,106189,4,4,2021,2019,2,winter,4,5,25.739000000000004,9.074,0.0,0.0,2,True
baseline_with_load_added,p67,baseline_with_load_added|p67|19,106193,106203,11,11,2021,2019,2,winter,11,12,1559.4260000000002,238.603,0.0,0.0,4,True
baseline_with_load_added,p67,baseline_with_load_added|p67|20,106206,106207,2,2,2021,2019,2,winter,0,1,2.215,1.395,0.0,0.0,2,True
baseline_with_load_added,p67,baseline_with_load_added|p67|21,106229,106231,3,3,2021,2019,2,winter,23,0,7.397,4.791,0.0,0.0,4,True
baseline_with_load_added,p67,baseline_with_load_added|p67|22,110803,110803,1,1,2021,2019,8,summer,13,14,0.387,0.387,0.0,0.0,4,True
baseline_with_load_added,p67,baseline_with_load_added|p67|23,122449,122455,7,7,2022,2020,12,winter,19,20,115.91499999999999,41.413,0.0,0.0,5,True
baseline_with_load_added,p67,baseline_with_load_added|p67|24,128059,128059,1,1,2023,2021,8,summer,13,14,1.348,1.348,0.0,0.0,3,True
baseline_with_load_added,p67,baseline_with_load_added|p67|25,128131,128131,1,1,2023,2021,8,summer,13,14,8.682,8.682,0.0,0.0,4,True
baseline_with_load_added,p67,baseline_with_load_added|p67|26,128155,128155,1,1,2023,2021,8,summer,13,14,2.802,2.802,0.0,0.0,4,True
baseline_with_load_added,p67,baseline_with_load_added|p67|27,128203,128204,2,2,2023,2021,8,summer,13,14,23.645000000000003,23.161,0.0,0.0,4,True
baseline_with_load_added,p67,baseline_with_load_added|p67|28,128227,128227,1,1,2023,2021,8,summer,13,14,3.719,3.719,0.0,0.0,4,True
baseline_with_load_added,p67,baseline_with_load_added|p67|29,128275,128276,2,2,2023,2021,8,summer,13,14,11.514000000000001,10.877,0.0,0.0,4,True
baseline_with_load_added,p67,baseline_with_load_added|p67|30,128299,128300,2,2,2023,2021,8,summer,13,14,10.858,10.38,0.0,0.0,4,True
baseline_with_load_added,p67,baseline_with_load_added|p67|31,128323,128324,2,2,2023,2021,8,summer,13,14,9.639,9.209,0.0,0.0,4,True
baseline_with_load_added,p67,baseline_with_load_added|p67|32,128347,128347,1,1,2023,2021,8,summer,13,14,0.7,0.7,0.0,0.0,4,True
baseline_with_load_added,p67,baseline_with_load_added|p67|33,128611,128611,1,1,2023,2021,9,fall,13,14,0.275,0.275,0.0,0.0,4,True
baseline_with_load_added,p67,baseline_with_load_added|p67|34,128635,128636,2,2,2023,2021,9,fall,13,14,15.379999999999999,14.761,0.0,0.0,4,True
baseline_with_load_added,p67,baseline_with_load_added|p67|35,128659,128659,1,1,2023,2021,9,fall,13,14,0.827,0.827,0.0,0.0,4,True
baseline_with_load_added,p61,baseline_with_load_added|p61|0,390,392,3,3,2007,2007,1,winter,0,1,4.378,2.169,0.0,0.0,5,True
baseline_with_load_added,p61,baseline_with_load_added|p61|1,79228,79230,3,2,2018,2016,1,winter,22,23,0.28300000000000003,0.156,0.0,0.0,5,True
baseline_with_load_added,p61,baseline_with_load_added|p61|2,122450,122450,1,1,2022,2020,12,winter,20,21,1.038,1.038,0.0,0.0,5,True
shift_8h_all_1.00,p63,shift_8h_all_1.00|p63|0,380,383,4,4,2007,2007,1,winter,14,15,48.50099999999999,30.743,1399.961,0.0,3,True
shift_8h_all_1.00,p63,shift_8h_all_1.00|p63|1,386,416,31,31,2007,2007,1,winter,20,21,56429.749,8578.187,221264.56799999997,37128.366,7,True
shift_8h_all_1.00,p63,shift_8h_all_1.00|p63|2,421,422,2,2,2007,2007,1,winter,7,8,274.202,195.725,770.6540000000001,274.202,6,True
shift_8h_all_1.00,p63,shift_8h_all_1.00|p63|3,26472,26484,13,13,2010,2010,1,winter,18,19,41198.123,11212.616,116015.61299999998,22377.491,7,True
shift_8h_all_1.00,p63,shift_8h_all_1.00|p63|4,35838,35842,5,5,2011,2011,2,winter,0,1,151.62300000000002,92.655,4354.159,0.0,4,True
shift_8h_all_1.00,p63,shift_8h_all_1.00|p63|5,35846,35847,2,2,2011,2011,2,winter,8,9,248.21800000000002,124.135,164.839,248.21800000000002,4,True
shift_8h_all_1.00,p63,shift_8h_all_1.00|p63|6,35850,35868,19,19,2011,2011,2,winter,12,13,64813.69699999999,9912.962,195347.481,33579.898,7,True
shift_8h_all_1.00,p63,shift_8h_all_1.00|p63|7,36006,36008,3,3,2011,2011,2,winter,0,1,59.193999999999996,51.44,3398.2889999999998,0.0,1,False
shift_8h_all_1.00,p63,shift_8h_all_1.00|p63|8,36029,36031,3,3,2011,2011,2,winter,23,0,383.505,331.789,1713.152,0.0,4,True
shift_8h_all_1.00,p63,shift_8h_all_1.00|p63|9,60744,60745,2,2,2013,2013,12,winter,18,19,1.476,0.793,221.714,0.0,1,False
shift_8h_all_1.00,p63,shift_8h_all_1.00|p63|10,60750,60755,6,6,2013,2013,12,winter,0,1,1165.1019999999999,579.654,9345.901,1161.94,7,True
shift_8h_all_1.00,p63,shift_8h_all_1.00|p63|11,78870,78896,27,26,2018,2015,12,winter,0,1,69465.137,11165.237,191099.463,38794.094000000005,7,True
shift_8h_all_1.00,p63,shift_8h_all_1.00|p63|12,79226,79236,11,11,2018,2016,1,winter,20,21,20315.779000000002,6005.734,70559.74399999999,3268.0209999999997,7,True
shift_8h_all_1.00,p63,shift_8h_all_1.00|p63|13,79253,79261,9,9,2018,2016,1,winter,23,0,974.366,365.683,15218.159,330.339,4,True
shift_8h_all_1.00,p63,shift_8h_all_1.00|p63|14,106174,106175,2,2,2021,2019,2,winter,16,17,1.954,1.029,37.933,0.0,2,True
shift_8h_all_1.00,p63,shift_8h_all_1.00|p63|15,106181,106184,4,4,2021,2019,2,winter,23,0,35.23400000000001,21.984,32.127,35.23400000000001,7,True
shift_8h_all_1.00,p63,shift_8h_all_1.00|p63|16,106202,106205,4,4,2021,2019,2,winter,20,21,260.301,106.107,707.27,260.301,4,True
shift_8h_all_1.00,p63,shift_8h_all_1.00|p63|17,106229,106231,3,3,2021,2019,2,winter,23,0,48.727999999999994,27.907,1621.402,0.0,3,True
shift_8h_all_1.00,p63,shift_8h_all_1.00|p63|18,106235,106235,1,1,2021,2019,2,winter,5,6,2.78,2.78,11.017,2.78,4,True
shift_8h_all_1.00,p63,shift_8h_all_1.00|p63|19,122448,122459,12,12,2022,2020,12,winter,18,19,40911.298,9602.865,114901.18,23704.286,7,True
shift_8h_all_1.00,p63,shift_8h_all_1.00|p63|20,123403,123419,17,16,2023,2021,1,winter,13,14,5254.544,1215.496,25909.609,4935.819,7,True
shift_8h_all_1.00,p63,shift_8h_all_1.00|p63|21,128235,128235,1,1,2023,2021,8,summer,21,22,1.004,1.004,0.0,1.004,1,False
shift_8h_all_1.00,p63,shift_8h_all_1.00|p63|22,128275,128275,1,1,2023,2021,8,summer,13,14,16.149,16.149,2666.915,0.0,2,True
shift_8h_all_1.00,p63,shift_8h_all_1.00|p63|23,128283,128283,1,1,2023,2021,8,summer,21,22,186.483,186.483,0.0,186.483,4,True
shift_8h_all_1.00,p63,shift_8h_all_1.00|p63|24,128299,128299,1,1,2023,2021,8,summer,13,14,65.77,65.77,3249.144,0.0,3,True
shift_8h_all_1.00,p63,shift_8h_all_1.00|p63|25,128307,128307,1,1,2023,2021,8,summer,21,22,137.716,137.716,1.411,137.716,3,True
shift_8h_all_1.00,p63,shift_8h_all_1.00|p63|26,128323,128323,1,1,2023,2021,8,summer,13,14,35.262,35.262,3135.092,0.0,3,True
shift_8h_all_1.00,p63,shift_8h_all_1.00|p63|27,128331,128331,1,1,2023,2021,8,summer,21,22,326.271,326.271,0.0,326.271,5,True
shift_8h_all_1.00,p63,shift_8h_all_1.00|p63|28,128347,128347,1,1,2023,2021,8,summer,13,14,1.201,1.201,1676.93,0.0,1,False
shift_8h_all_1.00,p63,shift_8h_all_1.00|p63|29,128354,128355,2,2,2023,2021,8,summer,20,21,145.35899999999998,136.587,247.692,145.35899999999998,5,True
shift_8h_all_1.00,p63,shift_8h_all_1.00|p63|30,128611,128611,1,1,2023,2021,9,fall,13,14,0.988,0.988,2692.574,0.0,1,False
shift_8h_all_1.00,p64,shift_8h_all_1.00|p64|0,381,382,2,2,2007,2007,1,winter,15,16,2.778,2.295,96.288,0.0,3,True
shift_8h_all_1.00,p64,shift_8h_all_1.00|p64|1,386,416,31,29,2007,2007,1,winter,20,21,24612.41,4127.453,83501.56899999999,14776.376000000002,7,True
shift_8h_all_1.00,p64,shift_8h_all_1.00|p64|2,420,422,3,3,2007,2007,1,winter,6,7,209.247,152.055,2350.038,209.247,6,True
shift_8h_all_1.00,p64,shift_8h_all_1.00|p64|3,26473,26484,12,12,2010,2010,1,winter,19,20,20592.369000000002,4002.302,41808.584,7335.3550000000005,7,True
shift_8h_all_1.00,p64,shift_8h_all_1.00|p64|4,35839,35842,4,4,2011,2011,2,winter,1,2,106.389,74.502,1050.597,0.0,4,True
shift_8h_all_1.00,p64,shift_8h_all_1.00|p64|5,35846,35868,23,22,2011,2011,2,winter,8,9,15670.755,3861.37,63907.452000000005,11625.983,7,True
shift_8h_all_1.00,p64,shift_8h_all_1.00|p64|6,36030,36031,2,2,2011,2011,2,winter,0,1,121.399,108.226,651.236,0.0,4,True
shift_8h_all_1.00,p64,shift_8h_all_1.00|p64|7,60750,60755,6,6,2013,2013,12,winter,0,1,132.367,67.835,1236.0840000000003,132.12099999999998,7,True
shift_8h_all_1.00,p64,shift_8h_all_1.00|p64|8,78871,78896,26,24,2018,2015,12,winter,1,2,20071.775,3431.956,70605.08499999999,16147.652000000002,7,True
shift_8h_all_1.00,p64,shift_8h_all_1.00|p64|9,79226,79236,11,11,2018,2016,1,winter,20,21,4139.908,1793.013,21374.769,702.3720000000001,7,True
shift_8h_all_1.00,p64,shift_8h_all_1.00|p64|10,79253,79262,10,10,2018,2016,1,winter,23,0,1242.1309999999999,588.416,9187.661000000002,341.23,4,True
shift_8h_all_1.00,p64,shift_8h_all_1.00|p64|11,106174,106175,2,2,2021,2019,2,winter,16,17,0.337,0.221,29.052,0.0,2,True
shift_8h_all_1.00,p64,shift_8h_all_1.00|p64|12,106181,106184,4,4,2021,2019,2,winter,23,0,38.971999999999994,16.269,53.093,38.971999999999994,7,True
shift_8h_all_1.00,p64,shift_8h_all_1.00|p64|13,106187,106187,1,1,2021,2019,2,winter,5,6,3.085,3.085,1.863,3.085,1,False
shift_8h_all_1.00,p64,shift_8h_all_1.00|p64|14,106195,106195,1,1,2021,2019,2,winter,13,14,3.077,3.077,10.095,3.077,2,True
shift_8h_all_1.00,p64,shift_8h_all_1.00|p64|15,106202,106207,6,6,2021,2019,2,winter,20,21,239.999,86.534,1087.008,239.999,4,True
shift_8h_all_1.00,p64,shift_8h_all_1.00|p64|16,106228,106231,4,4,2021,2019,2,winter,22,23,16.784,7.435,547.681,0.0,3,True
shift_8h_all_1.00,p64,shift_8h_all_1.00|p64|17,106235,106235,1,1,2021,2019,2,winter,5,6,1.987,1.987,0.329,1.987,4,True
shift_8h_all_1.00,p64,shift_8h_all_1.00|p64|18,122449,122459,11,11,2022,2020,12,winter,19,20,10832.613,4686.182,41043.828,7685.0419999999995,7,True
shift_8h_all_1.00,p64,shift_8h_all_1.00|p64|19,123404,123406,3,3,2023,2021,1,winter,14,15,23.958,11.7,402.931,0.0,3,True
shift_8h_all_1.00,p64,shift_8h_all_1.00|p64|20,123411,123417,7,7,2023,2021,1,winter,21,22,1506.923,435.114,4178.224999999999,1506.923,7,True
shift_8h_all_1.00,p64,shift_8h_all_1.00|p64|21,128218,128218,1,1,2023,2021,8,summer,4,5,0.455,0.455,0.0,0.455,2,True
shift_8h_all_1.00,p64,shift_8h_all_1.00|p64|22,128283,128283,1,1,2023,2021,8,summer,21,22,23.882,23.882,0.0,23.882,4,True
shift_8h_all_1.00,p64,shift_8h_all_1.00|p64|23,128299,128299,1,1,2023,2021,8,summer,13,14,0.112,0.112,1224.792,0.0,3,True
shift_8h_all_1.00,p64,shift_8h_all_1.00|p64|24,128307,128307,1,1,2023,2021,8,summer,21,22,12.332,12.332,0.361,12.332,3,True
shift_8h_all_1.00,p64,shift_8h_all_1.00|p64|25,128323,128323,1,1,2023,2021,8,summer,13,14,4.463,4.463,1225.768,0.0,3,True
shift_8h_all_1.00,p64,shift_8h_all_1.00|p64|26,128331,128331,1,1,2023,2021,8,summer,21,22,111.855,111.855,0.0,111.855,5,True
shift_8h_all_1.00,p64,shift_8h_all_1.00|p64|27,128355,128355,1,1,2023,2021,8,summer,21,22,25.459,25.459,0.344,25.459,5,True
shift_8h_all_1.00,p65,shift_8h_all_1.00|p65|0,381,382,2,2,2007,2007,1,winter,15,16,3.495,2.597,82.57799999999999,0.0,3,True
shift_8h_all_1.00,p65,shift_8h_all_1.00|p65|1,386,386,1,1,2007,2007,1,winter,20,21,11.083,11.083,310.603,11.083,4,True
shift_8h_all_1.00,p65,shift_8h_all_1.00|p65|2,389,416,28,28,2007,2007,1,winter,23,0,32008.787999999997,6368.614,111931.674,20767.271,7,True
shift_8h_all_1.00,p65,shift_8h_all_1.00|p65|3,421,422,2,2,2007,2007,1,winter,7,8,177.779,92.327,517.361,177.779,6,True
shift_8h_all_1.00,p65,shift_8h_all_1.00|p65|4,26473,26484,12,12,2010,2010,1,winter,19,20,23981.431,4606.118,54732.72,9190.011999999999,7,True
shift_8h_all_1.00,p65,shift_8h_all_1.00|p65|5,35839,35841,3,3,2011,2011,2,winter,1,2,59.263999999999996,42.437,600.27,0.0,4,True
shift_8h_all_1.00,p65,shift_8h_all_1.00|p65|6,35846,35868,23,23,2011,2011,2,winter,8,9,24616.607999999993,5075.058,93954.82100000001,15530.881000000001,7,True
shift_8h_all_1.00,p65,shift_8h_all_1.00|p65|7,36029,36031,3,3,2011,2011,2,winter,23,0,393.565,359.665,933.351,0.0,4,True
shift_8h_all_1.00,p65,shift_8h_all_1.00|p65|8,60750,60755,6,6,2013,2013,12,winter,0,1,281.018,166.337,3414.457,280.74399999999997,7,True
shift_8h_all_1.00,p65,shift_8h_all_1.00|p65|9,78870,78896,27,26,2018,2015,12,winter,0,1,23554.857,3972.129,97877.39300000001,21717.907,7,True
shift_8h_all_1.00,p65,shift_8h_all_1.00|p65|10,79227,79236,10,9,2018,2016,1,winter,21,22,5788.206,2985.069,22175.177000000003,931.4100000000001,7,True
shift_8h_all_1.00,p65,shift_8h_all_1.00|p65|11,79254,79261,8,8,2018,2016,1,winter,0,1,1405.22,382.123,15909.524000000001,1083.536,4,True
shift_8h_all_1.00,p65,shift_8h_all_1.00|p65|12,106181,106184,4,4,2021,2019,2,winter,23,0,127.14999999999999,48.305,177.84,127.14999999999999,7,True
shift_8h_all_1.00,p65,shift_8h_all_1.00|p65|13,106194,106198,5,4,2021,2019,2,winter,12,13,11.909999999999998,8.136,531.077,8.136,2,True
shift_8h_all_1.00,p65,shift_8h_all_1.00|p65|14,106201,106207,7,7,2021,2019,2,winter,19,20,590.5849999999999,224.865,3265.5920000000006,589.305,4,True
shift_8h_all_1.00,p65,shift_8h_all_1.00|p65|15,106228,106231,4,4,2021,2019,2,winter,22,23,27.287,12.629,1102.172,0.0,3,True
shift_8h_all_1.00,p65,shift_8h_all_1.00|p65|16,106235,106235,1,1,2021,2019,2,winter,5,6,2.945,2.945,0.0,2.945,4,True
shift_8h_all_1.00,p65,shift_8h_all_1.00|p65|17,122449,122460,12,12,2022,2020,12,winter,19,20,13951.036999999998,6668.418,54361.684,9696.154,7,True
shift_8h_all_1.00,p65,shift_8h_all_1.00|p65|18,123404,123407,4,4,2023,2021,1,winter,14,15,46.095,21.364,885.3679999999999,0.0,3,True
shift_8h_all_1.00,p65,shift_8h_all_1.00|p65|19,123411,123418,8,8,2023,2021,1,winter,21,22,1363.924,405.143,3913.99,1363.924,7,True
shift_8h_all_1.00,p65,shift_8h_all_1.00|p65|20,128218,128218,1,1,2023,2021,8,summer,4,5,0.334,0.334,0.0,0.334,2,True
shift_8h_all_1.00,p65,shift_8h_all_1.00|p65|21,128275,128275,1,1,2023,2021,8,summer,13,14,3.663,3.663,1581.698,0.0,2,True
shift_8h_all_1.00,p65,shift_8h_all_1.00|p65|22,128283,128283,1,1,2023,2021,8,summer,21,22,104.901,104.901,0.0,104.901,4,True
shift_8h_all_1.00,p65,shift_8h_all_1.00|p65|23,128299,128299,1,1,2023,2021,8,summer,13,14,17.133,17.133,1622.583,0.0,3,True
shift_8h_all_1.00,p65,shift_8h_all_1.00|p65|24,128307,128307,1,1,2023,2021,8,summer,21,22,12.399,12.399,6.266,12.399,3,True
shift_8h_all_1.00,p65,shift_8h_all_1.00|p65|25,128323,128323,1,1,2023,2021,8,summer,13,14,17.047,17.047,1614.024,0.0,3,True
shift_8h_all_1.00,p65,shift_8h_all_1.00|p65|26,128331,128331,1,1,2023,2021,8,summer,21,22,173.441,173.441,0.354,173.441,5,True
shift_8h_all_1.00,p65,shift_8h_all_1.00|p65|27,128355,128355,1,1,2023,2021,8,summer,21,22,36.418,36.418,17.554,36.418,5,True
shift_8h_all_1.00,p65,shift_8h_all_1.00|p65|28,128635,128635,1,1,2023,2021,9,fall,13,14,0.206,0.206,432.383,0.0,1,False
shift_8h_all_1.00,p60,shift_8h_all_1.00|p60|0,386,391,6,5,2007,2007,1,winter,20,21,18.317,9.91,218.553,18.317,7,True
shift_8h_all_1.00,p60,shift_8h_all_1.00|p60|1,395,401,7,7,2007,2007,1,winter,5,6,173.995,97.365,730.2399999999998,173.995,7,True
shift_8h_all_1.00,p60,shift_8h_all_1.00|p60|2,409,410,2,2,2007,2007,1,winter,19,20,187.404,178.15,13.358,187.404,7,True
shift_8h_all_1.00,p60,shift_8h_all_1.00|p60|3,422,422,1,1,2007,2007,1,winter,8,9,0.496,0.496,0.997,0.496,6,True
shift_8h_all_1.00,p60,shift_8h_all_1.00|p60|4,26480,26484,5,5,2010,2010,1,winter,2,3,276.077,108.727,650.967,276.077,7,True
shift_8h_all_1.00,p60,shift_8h_all_1.00|p60|5,35858,35868,11,11,2011,2011,2,winter,20,21,477.117,204.744,1670.6930000000002,477.117,7,True
shift_8h_all_1.00,p60,shift_8h_all_1.00|p60|6,60752,60754,3,3,2013,2013,12,winter,2,3,1.304,0.798,2.141,1.304,7,True
shift_8h_all_1.00,p60,shift_8h_all_1.00|p60|7,78874,78883,10,9,2018,2015,12,winter,4,5,134.57000000000002,53.912,856.2349999999999,134.57000000000002,7,True
shift_8h_all_1.00,p60,shift_8h_all_1.00|p60|8,78890,78892,3,3,2018,2016,1,winter,20,21,328.151,301.295,33.468,328.151,7,True
shift_8h_all_1.00,p60,shift_8h_all_1.00|p60|9,79234,79236,3,3,2018,2016,1,winter,4,5,23.308,12.51,163.585,23.308,7,True
shift_8h_all_1.00,p60,shift_8h_all_1.00|p60|10,106182,106182,1,1,2021,2019,2,winter,0,1,0.171,0.171,0.0,0.171,7,True
shift_8h_all_1.00,p60,shift_8h_all_1.00|p60|11,122455,122460,6,6,2022,2020,12,winter,1,2,320.61999999999995,156.009,969.4570000000001,320.61999999999995,7,True
shift_8h_all_1.00,p60,shift_8h_all_1.00|p60|12,123411,123418,8,7,2023,2021,1,winter,21,22,39.76199999999999,11.604,105.23499999999999,39.76199999999999,7,True
shift_8h_all_1.00,p61,shift_8h_all_1.00|p61|0,388,391,4,4,2007,2007,1,winter,22,23,48.70099999999999,24.535,534.652,48.70099999999999,7,True
shift_8h_all_1.00,p61,shift_8h_all_1.00|p61|1,395,402,8,8,2007,2007,1,winter,5,6,607.7679999999999,272.063,2557.3379999999997,607.7679999999999,7,True
shift_8h_all_1.00,p61,shift_8h_all_1.00|p61|2,409,411,3,3,2007,2007,1,winter,19,20,692.346,668.404,33.733999999999995,692.346,7,True
shift_8h_all_1.00,p61,shift_8h_all_1.00|p61|3,422,423,2,2,2007,2007,1,winter,8,9,3.3600000000000003,2.318,5.83,3.3600000000000003,6,True
shift_8h_all_1.00,p61,shift_8h_all_1.00|p61|4,26480,26484,5,5,2010,2010,1,winter,2,3,739.3249999999999,293.944,1594.54,739.3249999999999,7,True
shift_8h_all_1.00,p61,shift_8h_all_1.00|p61|5,35858,35868,11,11,2011,2011,2,winter,20,21,1227.6100000000001,418.176,4186.222999999999,1227.6100000000001,7,True
shift_8h_all_1.00,p61,shift_8h_all_1.00|p61|6,60752,60754,3,3,2013,2013,12,winter,2,3,4.584,2.186,7.255000000000001,4.584,7,True
shift_8h_all_1.00,p61,shift_8h_all_1.00|p61|7,78874,78884,11,10,2018,2015,12,winter,4,5,360.788,151.896,2664.1240000000003,360.788,7,True
shift_8h_all_1.00,p61,shift_8h_all_1.00|p61|8,78890,78893,4,4,2018,2016,1,winter,20,21,849.259,777.441,89.103,849.259,7,True
shift_8h_all_1.00,p61,shift_8h_all_1.00|p61|9,79234,79236,3,3,2018,2016,1,winter,4,5,59.283,31.357,412.25800000000004,59.283,7,True
shift_8h_all_1.00,p61,shift_8h_all_1.00|p61|10,106182,106182,1,1,2021,2019,2,winter,0,1,0.72,0.72,0.0,0.72,7,True
shift_8h_all_1.00,p61,shift_8h_all_1.00|p61|11,122455,122460,6,6,2022,2020,12,winter,1,2,813.917,397.612,2439.0820000000003,813.917,7,True
shift_8h_all_1.00,p61,shift_8h_all_1.00|p61|12,123410,123418,9,8,2023,2021,1,winter,20,21,105.68800000000002,29.556,375.75300000000004,105.68800000000002,7,True
shift_8h_all_1.00,p61,shift_8h_all_1.00|p61|13,128331,128331,1,1,2023,2021,8,summer,21,22,0.287,0.287,0.0,0.287,5,True
shift_8h_all_1.00,p61,shift_8h_all_1.00|p61|14,128355,128355,1,1,2023,2021,8,summer,21,22,0.197,0.197,0.0,0.197,5,True
shift_8h_all_1.00,p62,shift_8h_all_1.00|p62|0,388,391,4,4,2007,2007,1,winter,22,23,25.317,11.363,396.153,25.317,7,True
shift_8h_all_1.00,p62,shift_8h_all_1.00|p62|1,397,400,4,4,2007,2007,1,winter,7,8,292.35999999999996,171.34,277.326,292.35999999999996,7,True
shift_8h_all_1.00,p62,shift_8h_all_1.00|p62|2,409,410,2,2,2007,2007,1,winter,19,20,336.156,332.973,10.961,336.156,7,True
shift_8h_all_1.00,p62,shift_8h_all_1.00|p62|3,26480,26484,5,5,2010,2010,1,winter,2,3,567.379,246.773,1567.9750000000001,567.379,7,True
shift_8h_all_1.00,p62,shift_8h_all_1.00|p62|4,35858,35868,11,11,2011,2011,2,winter,20,21,1075.5199999999998,504.336,3633.122,1075.5199999999998,7,True
shift_8h_all_1.00,p62,shift_8h_all_1.00|p62|5,60752,60752,1,1,2013,2013,12,winter,2,3,0.931,0.931,0.318,0.931,7,True
shift_8h_all_1.00,p62,shift_8h_all_1.00|p62|6,78876,78882,7,6,2018,2015,12,winter,6,7,193.666,100.459,965.289,193.666,7,True
shift_8h_all_1.00,p62,shift_8h_all_1.00|p62|7,78890,78891,2,2,2018,2016,1,winter,20,21,564.6659999999999,524.241,56.518,564.6659999999999,7,True
shift_8h_all_1.00,p62,shift_8h_all_1.00|p62|8,79234,79236,3,3,2018,2016,1,winter,4,5,40.41,22.997,342.195,40.41,7,True
shift_8h_all_1.00,p62,shift_8h_all_1.00|p62|9,106182,106182,1,1,2021,2019,2,winter,0,1,0.266,0.266,0.0,0.266,7,True
shift_8h_all_1.00,p62,shift_8h_all_1.00|p62|10,122455,122460,6,6,2022,2020,12,winter,1,2,703.0490000000001,342.716,2317.3799999999997,703.0490000000001,7,True
shift_8h_all_1.00,p62,shift_8h_all_1.00|p62|11,123411,123416,6,6,2023,2021,1,winter,21,22,41.86,15.331,108.02000000000001,41.86,7,True
shift_8h_all_1.00,p67,shift_8h_all_1.00|p67|0,388,391,4,4,2007,2007,1,winter,22,23,380.738,190.511,4798.573,380.738,7,True
shift_8h_all_1.00,p67,shift_8h_all_1.00|p67|1,397,402,6,6,2007,2007,1,winter,7,8,9071.439999999999,3289.874,18290.737,9071.427999999998,7,True
shift_8h_all_1.00,p67,shift_8h_all_1.00|p67|2,408,411,4,4,2007,2007,1,winter,18,19,8917.863,8171.173,11632.01,8917.863,7,True
shift_8h_all_1.00,p67,shift_8h_all_1.00|p67|3,421,422,2,2,2007,2007,1,winter,7,8,5.814,3.566,53.767,5.814,6,True
shift_8h_all_1.00,p67,shift_8h_all_1.00|p67|4,26477,26484,8,8,2010,2010,1,winter,23,0,10755.845,4264.643,57058.326,10656.441,7,True
shift_8h_all_1.00,p67,shift_8h_all_1.00|p67|5,35839,35841,3,3,2011,2011,2,winter,1,2,8.949,5.699,522.9839999999999,0.0,4,True
shift_8h_all_1.00,p67,shift_8h_all_1.00|p67|6,35846,35853,8,8,2011,2011,2,winter,8,9,545.361,228.215,14622.353000000001,399.578,4,True
shift_8h_all_1.00,p67,shift_8h_all_1.00|p67|7,35856,35868,13,13,2011,2011,2,winter,18,19,19626.121000000003,5553.031,83210.32900000001,19623.602000000003,7,True
shift_8h_all_1.00,p67,shift_8h_all_1.00|p67|8,36031,36031,1,1,2011,2011,2,winter,1,2,2.169,2.169,609.937,0.0,4,True
shift_8h_all_1.00,p67,shift_8h_all_1.00|p67|9,60752,60755,4,4,2013,2013,12,winter,2,3,65.35,30.644,208.548,65.35,7,True
shift_8h_all_1.00,p67,shift_8h_all_1.00|p67|10,78875,78896,22,21,2018,2015,12,winter,5,6,22071.656,9454.988,91611.50400000002,22063.512,7,True
shift_8h_all_1.00,p67,shift_8h_all_1.00|p67|11,79231,79231,1,1,2018,2016,1,winter,1,2,0.12,0.12,5782.854,0.0,4,True
shift_8h_all_1.00,p67,shift_8h_all_1.00|p67|12,79234,79236,3,3,2018,2016,1,winter,4,5,542.54,281.368,4983.667,542.54,7,True
shift_8h_all_1.00,p67,shift_8h_all_1.00|p67|13,79256,79261,6,6,2018,2016,1,winter,2,3,771.13,291.709,10712.505000000001,771.13,4,True
shift_8h_all_1.00,p67,shift_8h_all_1.00|p67|14,106181,106183,3,3,2021,2019,2,winter,23,0,77.469,31.786,91.074,77.469,7,True
shift_8h_all_1.00,p67,shift_8h_all_1.00|p67|15,106194,106197,4,4,2021,2019,2,winter,12,13,17.523999999999997,9.938,416.26300000000003,16.503,2,True
shift_8h_all_1.00,p67,shift_8h_all_1.00|p67|16,106201,106208,8,8,2021,2019,2,winter,19,20,648.644,235.636,3248.527,648.644,4,True
shift_8h_all_1.00,p67,shift_8h_all_1.00|p67|17,106235,106235,1,1,2021,2019,2,winter,5,6,2.026,2.026,0.58,2.026,4,True
shift_8h_all_1.00,p67,shift_8h_all_1.00|p67|18,122455,122460,6,6,2022,2020,12,winter,1,2,10080.213999999998,5286.2,34573.608,10080.213999999998,7,True
shift_8h_all_1.00,p67,shift_8h_all_1.00|p67|19,123411,123416,6,6,2023,2021,1,winter,21,22,730.658,241.903,2191.254,730.658,7,True
shift_8h_all_1.00,p67,shift_8h_all_1.00|p67|20,128283,128283,1,1,2023,2021,8,summer,21,22,0.51,0.51,0.0,0.51,4,True
shift_8h_all_1.00,p67,shift_8h_all_1.00|p67|21,128331,128331,1,1,2023,2021,8,summer,21,22,10.001,10.001,0.0,10.001,5,True
shift_8h_all_1.00,p67,shift_8h_all_1.00|p67|22,128355,128355,1,1,2023,2021,8,summer,21,22,4.883,4.883,0.0,4.883,5,True
